time_modified,editors_choice,category,title,url,uuid,description,shipping,time_published,hotness,price,picture_url
,,SUPPLIES,Bic Round Stic Grip Xtra Comfort Pen 36-Pack,https://www.dealnews.com/Bic-Round-Stic-Grip-Xtra-Comfort-Pen-36-Pack-for-3-free-shipping-w-Prime/2173604.html,2173604,"Amazon offers Prime members the <a target=""_blank"" data-iref=""fp-content-wide-body"" href=""https://www.dealnews.com/lw/click.html?20,2,2173604"">Bic Round Stic Grip Xtra Comfort Pen 36-Pack</a> in Black and Blue for <b>$2.85</b> with <b>free shipping</b>. That's $1 under our mention from a month ago and the lowest price we've seen. (It's a current low by $2.) The pack includes 12 blue pens and 24 black pens.",free shipping w/ Prime,2018-01-07T19:02:41-05:00,4,$3,"https://cdlnws.a.ssl.fastly.net/image/upload/c_limit,dpr_auto,f_auto,q_auto,w_auto/content/dkib3z6yikipxekl2doy"
,,EXERCISE EQUIPMENT,Cap Barbell Cast Iron Kettlebells,https://www.dealnews.com/Cap-Barbell-Cast-Iron-Kettlebells-from-7-pickup-at-Walmart/2173565.html,2173565,"Walmart offers a selection of <a target=""_blank"" data-iref=""fp-content-wide-body"" href=""https://www.dealnews.com/lw/click.html?20,2,17099288,2173565"">Cap Barbell Cast Iron Kettlebells</a>, with prices starting from <strong>$6.90</strong>. Opt for in-store <b>pickup</b> to avoid the $5.99 shipping charge, or get free shipping with orders of $35 or more. A couple of notable sizes:
<ul>
 <li>
 <a target=""_blank"" data-iref=""fp-content-wide-body"" href=""https://www.dealnews.com/lw/click.html?20,2,2173565"">Cap Barbell 10-lb. Cast Iron Kettlebell</a> for <strong>$6.90</strong> (low by $4)
 </li>
 <li>
 <a target=""_blank"" data-iref=""fp-content-wide-body"" href=""https://www.dealnews.com/lw/click.html?20,2,17099279,2173565"">Cap Barbell 15-lb. Cast Iron Kettlebell</a> for <strong>$11.35</strong> (low by $8)
 </li>
</ul>",pickup at Walmart,2018-01-07T18:54:06-05:00,4,from $7,"https://cdlnws.a.ssl.fastly.net/image/upload/c_limit,dpr_auto,f_auto,q_auto,w_auto/content/o2dq4xalo59laawp7dwd"
,,KITCHEN,Good Cook 3-Piece Mixing Spoon Set,https://www.dealnews.com/Good-Cook-3-Piece-Mixing-Spoon-Set-for-2-free-shipping-w-Prime/2173598.html,2173598,"Amazon offers the <a target=""_blank"" data-iref=""fp-content-wide-body"" href=""https://www.dealnews.com/lw/click.html?20,2,2173598"">Good Cook 3-Piece Mixing Spoon Set</a> for <b>$1.93</b>. Plus, Amazon Prime members bag <b>free shipping</b>. That's the lowest price we could find by $2. These stain-resistant plastic spoons are safe for all non-stick surfaces.",free shipping w/ Prime,2018-01-07T18:52:33-05:00,4,$2,"https://cdlnws.a.ssl.fastly.net/image/upload/c_limit,dpr_auto,f_auto,q_auto,w_auto/content/rknolsqpjcoh5gqqvpnt"
,,SKIN CARE,Kingdom Cares Facial Cleansing Brush,https://www.dealnews.com/Kingdom-Cares-Facial-Cleansing-Brush-for-21-free-shipping-w-Prime/2173601.html,2173601,"Kingdom Cares Beauty via Amazon offers Prime members the <a target=""_blank"" data-iref=""fp-content-wide-body"" href=""https://www.dealnews.com/lw/click.html?20,2,2173601"">Kingdom Cares Facial Cleansing Brush</a> in White for $29.99. Clip the 30% off coupon on the product page to drop it to <b>$20.99</b>. With <b>free shipping</b>, that's $3 under our mention from two weeks ago, $9 off, and the lowest price we've seen. It includes three attachments and two brush heads.",free shipping w/ Prime,2018-01-07T18:34:11-05:00,3,$21,"https://cdlnws.a.ssl.fastly.net/image/upload/c_limit,dpr_auto,f_auto,q_auto,w_auto/content/mivhvzep4zohmeq82omu"
,True,AIR PURIFIERS,Black + Decker Table Top HEPA Air Cleaner,https://www.dealnews.com/Black-Decker-Table-Top-HEPA-Air-Cleaner-for-15-pickup-at-Walmart/2173595.html,2173595,"Walmart offers the <a target=""_blank"" data-iref=""fp-content-wide-body"" href=""https://www.dealnews.com/lw/click.html?20,2,2173595"">Black + Decker Table Top HEPA Fresh Air Cleaner</a> for <b>$14.88</b>. Opt for in-store <b>pickup</b> to avoid the $5.99 shipping charge. That's $13 off and tied with our September mention as the lowest price we've seen. It's designed for medium to small rooms.",pickup at Walmart,2018-01-07T18:25:48-05:00,4,$15,"https://cdlnws.a.ssl.fastly.net/image/upload/c_limit,dpr_auto,f_auto,q_auto,w_auto/content/hd6qexmvskhflnubbgfw"
,,TV WALL MOUNTS,Vivo Dual LCD Monitor Desk Mount Stand,https://www.dealnews.com/Vivo-Dual-LCD-Monitor-Desk-Mount-Stand-for-30-pickup-at-Walmart/2173592.html,2173592,"Vivo via Walmart offers the <a target=""_blank"" data-iref=""fp-content-wide-body"" href=""https://www.dealnews.com/lw/click.html?20,2,2173592"">Vivo Dual LCD Monitor Desk Mount Stand</a> in Black for <strong>$29.99</strong>. Opt for in-store <strong>pickup</strong> to avoid the $5.99 shipping charge. That's $3 under our mention from a year ago and the lowest total price we could find by $23. It supports two LCD screens, each up to 22-lbs. and 27"".",pickup at Walmart,2018-01-07T18:22:23-05:00,3,$30,"https://cdlnws.a.ssl.fastly.net/image/upload/c_limit,dpr_auto,f_auto,q_auto,w_auto/content/wmtntes4c3onlnwk8h95"
,True,SHAVING & GROOMING,Remington Verso Wet/Dry Shaver & Trimmer,https://www.dealnews.com/Remington-Verso-Wet-Dry-Shaver-Trimmer-for-48-free-shipping/2173577.html,2173577,"Amazon offers the <a target=""_blank"" data-iref=""fp-content-wide-body"" href=""https://www.dealnews.com/lw/click.html?20,2,2173577"">Remington Verso Wet and Dry Shaver &amp; Trimmer</a> in Gold for $59.99. Clip the 20% off coupon to cut the price to <strong>$47.99</strong>. (A $10 Remington coupon will apply automatically with the 20% off coupon.) With <strong>free shipping</strong>, that's $4 under our May mention and the lowest price we've seen. (It's the best deal now by $12.) It includes five attachments.",free shipping,2018-01-07T18:12:36-05:00,3,$48,"https://cdlnws.a.ssl.fastly.net/image/upload/c_limit,dpr_auto,f_auto,q_auto,w_auto/content/w7g4nt7mhde52xkg7tc3"
,True,VACUUM CLEANERS,Hoover React Bagless Upright Vacuum,https://www.dealnews.com/Hoover-React-Bagless-Upright-Vacuum-for-147-free-shipping/2173574.html,2173574,"Amazon offers the <a target=""_blank"" data-iref=""fp-content-wide-body"" href=""https://www.dealnews.com/lw/click.html?20,2,2173574"">Hoover React Powered Reach Premier Bagless Upright Vacuum</a> for <strong>$146.58</strong> with <strong>free shipping</strong>. That's $52 under our Cyber Monday mention and the lowest price we've seen. (It's a current low by $133.) It features a 13"" cleaning path, 6-foot hose, 30-foot cord, crevice tool, brush, flexible dusting brush, baseboard duster, hard floor duster, upholstery tool, powered stair tool, and accessory bag.",free shipping,2018-01-07T18:06:56-05:00,3,$147,"https://cdlnws.a.ssl.fastly.net/image/upload/c_limit,dpr_auto,f_auto,q_auto,w_auto/content/xbffixwsj1iqzri3qmup"
,,OFFICE CHAIRS,Flash Furniture Mid-Back Exec Swivel Chair,https://www.dealnews.com/Flash-Furniture-Mid-Back-Exec-Swivel-Chair-for-116-free-shipping/2173421.html,2173421,"Amazon offers the <a target=""_blank"" data-iref=""fp-content-wide-body"" href=""https://www.dealnews.com/lw/click.html?20,2,2173421"">Flash Furniture Mid-Back Executive Swivel Chair</a> in Black for <strong>$116.06</strong> with <strong>free shipping</strong>. That's the lowest price we could find by $24. It features lumbar support, mesh back, tilt lock mechanism, and pneumatic height adjustment.",free shipping,2018-01-07T18:00:00-05:00,3,$116,"https://cdlnws.a.ssl.fastly.net/image/upload/c_limit,dpr_auto,f_auto,q_auto,w_auto/content/zal0nqksdcz2glgobu7v"
,,CREDIT CARDS,Bank of America® Travel Rewards Credit Card,"https://www.dealnews.com/lw/click.html?20,2,2173238",2173238,"At Bank of America, apply for the <a target=""_blank"" data-iref=""fp-content-wide-body"" href=""https://www.dealnews.com/lw/click.html?20,2,2173238"">Bank of America® Travel Rewards credit card</a> and receive <strong>20,000 bonus points</strong> if you make at least $1,000 in purchases in the first 90 days of account opening – that can be redeemed for a <strong>$200 Statement Credit towards travel purchases</strong>. Plus, earn <strong>1.5 points</strong> per $1 spent on all purchases, with <strong>no annual fee</strong> and <strong>no foreign transaction fees</strong>. Redeem points for a statement credit to pay for flights, hotels, vacation packages, cruises, rental cars, or baggage fees with no blackout dates. There's no limit to the total number of points you can earn and points don't expire. Finally, there's a <strong>0% introductory APR</strong> for <strong>12 billing cycles</strong> for purchases, then <strong>16.24% - 24.24% variable APR</strong>.<br>
<br>
This card — and several more — can be found on our <a target=""_blank"" data-iref=""fp-content-wide-body"" href=""http://dealnews.com/credit-cards/s1631/Bank-of-America/"">Bank of America credit card page</a>.        <div class=""article-disclaimer"">
            <p class=""article-disclaimer-text"">
                <a href=""#"" class=""article-disclaimer-link info"" data-panel=""article_disclaimer-dialog"" data-dialog_text=""DealNews has financial relationships with the credit card issuers mentioned on our site, and DealNews receives compensation if consumers choose to apply for these by clicking links in our content and ultimately sign up for these specific cards. This compensation has no impact or influence on where or how the cards appears on dealnews.com. DealNews does not include all card companies or all card offers available in the marketplace.&lt;br&gt;&lt;br&gt;
&lt;bold&gt;UGC Disclosure&lt;/bold&gt;&lt;br&gt;
&lt;br&gt;
These responses are not provided or commissioned by the bank advertiser. Responses have not been reviewed, approved or otherwise endorsed by the bank advertiser. It is not the bank advertiser's responsibility to ensure all posts and/or questions are answered.
&lt;bold&gt;Bank Disclaimer&lt;/bold&gt;&lt;br&gt;
&lt;br&gt;
This content is not provided or commissioned by the Bank Advertiser. Opinions expressed here are author's alone, not those of the Bank Advertiser, and have not been reviewed, approved or otherwise endorsed by the Bank Advertiser. This site may be compensated through the Bank Advertiser Affiliate Program."" data-dialog_title=""Advertiser Disclosure"">Advertiser Disclosure</a>
            </p>
        </div>
                    <script type=""text/javascript"">
                (function() {

                    var func = function () {

                                                /* Once is enough */
                        if (DN.isset(DN.get(""article_disclaimer-dialog""))) {
                            return;
                        }
                        
                                                    var parent = document.body;
                                                var div = document.createElement('div');
                        div.innerHTML = ""        <div class=\""dn-dialog form-box dn-panel info-dialog\"" id=\""article_disclaimer-dialog\"" >\n                            <div class=\""close icon box-close-white\""><\/div>\n            \n                            <div class=\""dialog-pointer\""><\/div>\n            \n                            <div class=\""hd\"">Disclaimer<\/div>\n            \n            <div class=\""bd\"">\n                        <div id=\""article-disclaimer\""><\/div>\n                    <\/div>\n\n                    <\/div>\n\n        "";
                        while (div.children.length > 0) {
                            parent.appendChild(div.children[0]);
                        }

                        
                            DN.forms.init();

                        
                                            };

                    if (DN.DOMReady) {
                        func();
                    } else {
                        DN.onDOMReady.bind(func);
                    }

                })();
            </script>",,2018-01-06T12:18:57-05:00,,"20,000 bonus points offer","https://cdlnws.a.ssl.fastly.net/image/upload/c_limit,dpr_auto,f_auto,q_auto,w_auto/content/bv3urdvfxvmwirwdv9qm"
,,TABLES,Zinus Modern Studio Collection Table,https://www.dealnews.com/Zinus-Modern-Studio-Collection-Table-for-32-free-shipping/2173418.html,2173418,"Amazon offers the <a target=""_blank"" data-iref=""fp-content-wide-body"" href=""https://www.dealnews.com/lw/click.html?20,2,2173418"">Zinus Modern Studio Collection Table</a> for <strong>$31.87</strong> with <strong>free shipping</strong>. That's $38 off and the lowest price we could find. It features a storage basket and measures 20"" x 20"".",free shipping,2018-01-07T17:45:00-05:00,4,$32,"https://cdlnws.a.ssl.fastly.net/image/upload/c_limit,dpr_auto,f_auto,q_auto,w_auto/content/fzden3gfobjgjsswynsz"
,,DESKS,Monarch Specialties Left or Right Corner Desk,https://www.dealnews.com/Monarch-Specialties-Left-or-Right-Corner-Desk-for-226-free-shipping/2173415.html,2173415,"Walmart offers the <a target=""_blank"" data-iref=""fp-content-wide-body"" href=""https://www.dealnews.com/lw/click.html?20,2,2173415"">Monarch Specialties Hollow-Core Left or Right Facing Corner Desk</a> in White for <strong>$226.17</strong> with <strong>free shipping</strong>. (<a target=""_blank"" data-iref=""fp-content-wide-body"" href=""https://www.dealnews.com/lw/click.html?20,2,17099183,2173415"">Amazon</a> charges the same.) That's the lowest price we could find by $12. It measures 60"" x 47"" x 30"".",free shipping,2018-01-07T17:30:00-05:00,3,$226,"https://cdlnws.a.ssl.fastly.net/image/upload/c_limit,dpr_auto,f_auto,q_auto,w_auto/content/gnqfll1rjljgeopix7gt"
,,TABLES,Furinno Simple Design Coffee Table,https://www.dealnews.com/Furinno-Simple-Design-Coffee-Table-for-21-free-shipping-w-Prime/2173412.html,2173412,"Amazon offers Prime members the <a target=""_blank"" data-iref=""fp-content-wide-body"" href=""https://www.dealnews.com/lw/click.html?20,2,2173412"">Furinno Simple Design Coffee Table</a> in Espresso for <strong>$20.79</strong> with <strong>free shipping</strong>. That's the lowest price we could find by a buck. It measures 35.5"" x 21.5"" x 16.25"".",free shipping w/ Prime,2018-01-07T17:15:00-05:00,3,$21,"https://cdlnws.a.ssl.fastly.net/image/upload/c_limit,dpr_auto,f_auto,q_auto,w_auto/content/r85nyjf0wryvmfjop8gd"
,,KITCHEN,FoodSaver Quick 2.25-Quart Marinator,https://www.dealnews.com/Food-Saver-Quick-2.25-Quart-Marinator-for-11-free-shipping-w-Prime/2173427.html,2173427,"Amazon offers the <a target=""_blank"" data-iref=""fp-content-wide-body"" href=""https://www.dealnews.com/lw/click.html?20,2,2173427"">FoodSaver 2.25-Quart Quick Marinator</a> for <strong>$11.23</strong> with <strong>free shipping</strong>. That's the lowest price we could find by $2, although saw it for $8 less on Black Friday. Designed for use with FoodSaver vacuum sealing systems, it infuses foods with flavor in minutes. It's also dishwasher-safe and BPA-free.",free shipping w/ Prime,2018-01-07T17:00:00-05:00,4,$11,"https://cdlnws.a.ssl.fastly.net/image/upload/c_limit,dpr_auto,f_auto,q_auto,w_auto/content/y3xjswbsla6lk1msndf7"
,,WATCHES,Anne Klein Women's Ceramic Bracelet Watch,https://www.dealnews.com/Anne-Klein-Womens-Ceramic-Bracelet-Watch-for-40-free-s-h-w-beauty-item/2173562.html,2173562,"Macy's offers the <a target=""_blank"" data-iref=""fp-content-wide-body"" href=""https://www.dealnews.com/lw/click.html?20,2,2173562"">Anne Klein Women's Light Pink Ceramic Bangle Bracelet Watch</a> for <strong>$39.99</strong>. Pad your order with a <a target=""_blank"" data-iref=""fp-content-wide-body"" href=""https://www.dealnews.com/lw/click.html?20,2,17099273,2173562"">beauty item</a> (they start at $3) to bag <b>free shipping</b>; otherwise, shipping adds $10.95. That's $110 off list and the lowest price we could find. Features include a rose gold-tone mixed metal case, ceramic bangle bracelet, and 100 feet of water resistance.",free s&h w/beauty item,2018-01-07T16:58:19-05:00,3,$40,"https://cdlnws.a.ssl.fastly.net/image/upload/c_limit,dpr_auto,f_auto,q_auto,w_auto/content/goyckwqrslqzweyqpqdx"
,,BACKPACKS,REI Co-op Women's Sprint Flap Daypack,https://www.dealnews.com/REI-Co-op-Womens-Sprint-Flap-Daypack-for-26-pickup-at-REI/2173502.html,2173502,"REI Garage offers its <a target=""_blank"" data-iref=""fp-content-wide-body"" href=""https://www.dealnews.com/lw/click.html?20,2,2173502"">REI Co-op Women's Sprint Flap Daypack</a> in Black for $34.73. Add it to your cart and it falls to <strong>$26.05</strong>. Opt for in-store <strong>pickup</strong> to avoid the $5.99 shipping charge. That's $44 off list and the lowest price we could find. It features interior zip mesh pockets, a divider panel, padded back and shoulder straps, and a 14"" laptop compartment. Deal ends January 8.",pickup at REI,2018-01-07T16:45:00-05:00,3,$26,"https://cdlnws.a.ssl.fastly.net/image/upload/c_limit,dpr_auto,f_auto,q_auto,w_auto/content/ozhhz2m15yblv0fnh12v"
,,HAND TOOLS,Kobalt 20pc SAE / Metric Mechanic's Tool Set,https://www.dealnews.com/Kobalt-20-pc-SAE-Metric-Mechanics-Tool-Set-for-20-free-shipping/2173526.html,2173526,"Lowe's offers the <a target=""_blank"" data-iref=""fp-content-wide-body"" href=""https://www.dealnews.com/lw/click.html?20,2,2173526"">Kobalt 20-Piece Standard and Metric Mechanic's Tool Set</a> for <strong>$19.98</strong>. Plus, MyLowe's members bag <strong>free shipping</strong>. (Not a member? It's free to <a target=""_blank"" data-iref=""fp-content-wide-body"" href=""https://www.dealnews.com/lw/click.html?20,2,17099240,2173526"">join</a>.) That's tied with last week's mention, $30 off list, and the lowest price we could find. It includes an extendable handle and an assortment of sockets and bits. Deal ends February 6.",free shipping,2018-01-07T16:40:24-05:00,3,$20,"https://cdlnws.a.ssl.fastly.net/image/upload/c_limit,dpr_auto,f_auto,q_auto,w_auto/content/zxshjz1phvoyx3tyebx4"
,,TOOLS & HARDWARE,Neiko 100-Piece Utility Blades w/ Dispenser,https://www.dealnews.com/Neiko-100-Piece-Utility-Blades-w-Dispenser-for-8-free-shipping/2173529.html,2173529,"Square2Box via eBay offers the <a target=""_blank"" data-iref=""fp-content-wide-body"" href=""https://www.dealnews.com/lw/click.html?20,2,2173529"">Neiko 100-Piece Utility Blades with Dispenser</a> for <strong>$7.98</strong> with <strong>free shipping</strong>. That's tied with last month's mention and the lowest price we could find by $4. They're compatible with most standard utility knives.",free shipping,2018-01-07T16:36:23-05:00,3,$8,"https://cdlnws.a.ssl.fastly.net/image/upload/c_limit,dpr_auto,f_auto,q_auto,w_auto/content/yt7npmvgzttaujutezkl"
,,SHOES,Crocs Sale,https://www.dealnews.com/Crocs-Sale-25-off-sitewide-free-shipping-w-25/2173532.html,2173532,"<a target=""_blank"" data-iref=""fp-content-wide-body"" href=""https://www.dealnews.com/lw/click.html?20,2,2173532"">Crocs</a> takes <b>25% off</b> <a target=""_blank"" data-iref=""fp-content-wide-body"" href=""https://www.dealnews.com/lw/click.html?20,2,17099243,2173532"">men's, women's, and kids' shoes</a> sitewide. (The discount applies in cart.) Plus, it stacks with <a target=""_blank"" data-iref=""fp-content-wide-body"" href=""https://www.dealnews.com/lw/click.html?20,2,17099246,2173532"">sale items</a>, which are already marked <b>up to 50% off</b>. Shipping adds <strong>$4.99</strong>, although orders of $24.99 or more bag free shipping. Deal ends January 8.",free shipping w/ $25,2018-01-07T16:34:39-05:00,4,25% off sitewide,"https://cdlnws.a.ssl.fastly.net/image/upload/c_limit,dpr_auto,f_auto,q_auto,w_auto/content/xlgmfnw0pw0bcsgixbcp"
,,CREDIT CARDS,Chase Freedom Unlimited® Card,"https://www.dealnews.com/lw/click.html?20,2,2173271",2173271,"Sign up for the <a target=""_blank"" data-iref=""fp-content-wide-body"" href=""https://www.dealnews.com/lw/click.html?20,2,2173271"">Chase Freedom Unlimited® Card</a> and <strong>earn a $150 Bonus</strong> after you spend $500 on purchases in your first three months from account opening. Plus, receive a <strong>0% Intro APR</strong> for 15 months on purchases and balance transfers. (After that, variable APR, currently 15.99% - 24.74%.) Other card features include earning <strong>unlimited 1.5% cash back</strong> on every purchase. It's automatic! Redeem for cash back - any amount, anytime and your Cash Back rewards do not expire as long as your account is open. Plus, there's <strong>no annual fee</strong>. For more terms and conditions, <a target=""_blank"" data-iref=""fp-content-wide-body"" href=""https://www.dealnews.com/lw/click.html?20,2,17099087,2173271"">click here</a>.<br>
<br>
This card — and several more — can be found on our <a target=""_blank"" data-iref=""fp-content-wide-body"" href=""http://dealnews.com/credit-cards/s1642/Chase/"">Chase Credit Card page</a>.        <div class=""article-disclaimer"">
            <p class=""article-disclaimer-text"">
                <a href=""#"" class=""article-disclaimer-link info"" data-panel=""article_disclaimer-dialog"" data-dialog_text=""DealNews has financial relationships with the credit card issuers mentioned on our site, and DealNews receives compensation if consumers choose to apply for these by clicking links in our content and ultimately sign up for these specific cards. This compensation has no impact or influence on where or how the cards appears on dealnews.com. DealNews does not include all card companies or all card offers available in the marketplace.&lt;br&gt;&lt;br&gt;
&lt;bold&gt;UGC Disclosure&lt;/bold&gt;&lt;br&gt;
&lt;br&gt;
These responses are not provided or commissioned by the bank advertiser. Responses have not been reviewed, approved or otherwise endorsed by the bank advertiser. It is not the bank advertiser's responsibility to ensure all posts and/or questions are answered.
&lt;bold&gt;Bank Disclaimer&lt;/bold&gt;&lt;br&gt;
&lt;br&gt;
This content is not provided or commissioned by the Bank Advertiser. Opinions expressed here are author's alone, not those of the Bank Advertiser, and have not been reviewed, approved or otherwise endorsed by the Bank Advertiser. This site may be compensated through the Bank Advertiser Affiliate Program."" data-dialog_title=""Advertiser Disclosure"">Advertiser Disclosure</a>
            </p>
        </div>",,2018-01-06T12:54:19-05:00,,Earn a $150 bonus,"https://cdlnws.a.ssl.fastly.net/image/upload/c_limit,dpr_auto,f_auto,q_auto,w_auto/content/ydfbhq1eoc6ncmebhug2"
,,PORTABLE SPEAKERS,Sony SRSX11 Portable Bluetooth Speaker,https://www.dealnews.com/Sony-SRSX11-Portable-Bluetooth-Speaker-for-38-free-shipping/2173523.html,2173523,"Groupon offers the <a target=""_blank"" data-iref=""fp-content-wide-body"" href=""https://www.dealnews.com/lw/click.html?20,2,2173523"">Sony SRSX11 Portable Bluetooth Speaker</a> in White for <b>$37.99</b> with <b>free shipping</b>. That's the lowest price we could find by $5. This 10-watt speaker features Bluetooth 3.0 with NFC pairing, auxiliary input, and up to 12 hours of battery life.",free shipping,2018-01-07T16:32:07-05:00,3,$38,"https://cdlnws.a.ssl.fastly.net/image/upload/c_limit,dpr_auto,f_auto,q_auto,w_auto/content/w0bpadvbrrdjwbdnqzp8"
,,TOYS & HOBBIES,Disney Frozen 12V Ride-On Sleigh,https://www.dealnews.com/Disney-Frozen-12-V-Ride-On-Sleigh-for-198-pickup-at-Walmart/2173433.html,2173433,"For in-store pickup only, with stock varying by location, Walmart offers the <a target=""_blank"" data-iref=""fp-content-wide-body"" href=""https://www.dealnews.com/lw/click.html?20,2,2173433"">Disney Frozen 12-volt Ride-On Sleigh</a> for <b>$198</b>. That's tied with our February mention, $100 off, and the best price we could find. It features a maximum speed of 5 mph and music and flashing lights.",pickup at Walmart,2018-01-07T16:30:00-05:00,3,$198,"https://cdlnws.a.ssl.fastly.net/image/upload/c_limit,dpr_auto,f_auto,q_auto,w_auto/content/m7lnp5ymz3waiiwhovv4"
,,CLEANING SUPPLIES,Mothers Detail Brush 2-Pack,https://www.dealnews.com/Mothers-Detail-Brush-2-Pack-for-4-free-shipping-w-Prime/2173520.html,2173520,"Amazon offers Prime members the <a target=""_blank"" data-iref=""fp-content-wide-body"" href=""https://www.dealnews.com/lw/click.html?20,2,2173520"">Mothers Detail Brush 2-Pack</a> for <strong>$3.60</strong> with <strong>free shipping</strong>. That's the lowest price we could find by $2. It features scratch free bristles.",free shipping w/ Prime,2018-01-07T16:29:43-05:00,5,$4,"https://cdlnws.a.ssl.fastly.net/image/upload/c_limit,dpr_auto,f_auto,q_auto,w_auto/content/uazh7riukwwkteflzgd4"
,,TABLES,Home Craft Wood/Console Sofa Table,https://www.dealnews.com/Home-Craft-Wood-Console-Sofa-Table-for-91-free-shipping/2173559.html,2173559,"Walmart offers the <a target=""_blank"" data-iref=""fp-content-wide-body"" href=""https://www.dealnews.com/lw/click.html?20,2,2173559"">Home Craft Wood/Console Sofa Table</a> in Black for <b>$90.91</b> with <b>free shipping</b>. (<a target=""_blank"" data-iref=""fp-content-wide-body"" href=""https://www.dealnews.com/lw/click.html?20,2,17099267,2173559"">Home Depot</a> and <a target=""_blank"" data-iref=""fp-content-wide-body"" href=""https://www.dealnews.com/lw/click.html?20,2,17099270,2173559"">Amazon</a> charge the same.) That's tied with our October mention and the lowest price we could find by $34. It measures 20"" x 20"" x 12"".",free shipping,2018-01-07T16:27:17-05:00,4,$91,"https://cdlnws.a.ssl.fastly.net/image/upload/c_limit,dpr_auto,f_auto,q_auto,w_auto/content/djvhfntfv3w6iddspcfu"
,,MICROWAVE OVENS,Toshiba 0.9-Cubic Foot 900W Microwave Oven,https://www.dealnews.com/Toshiba-0.9-Cubic-Foot-900-W-Microwave-Oven-for-70-free-shipping/2173517.html,2173517,"Amazon offers the <a target=""_blank"" data-iref=""fp-content-wide-body"" href=""https://www.dealnews.com/lw/click.html?20,2,2173517"">Toshiba 0.9-Cubic Foot 900-Watt Microwave Oven</a> for <b>$69.69</b> with <b>free shipping</b>. That's the lowest price we could find by $8. It features six pre-programmed functions, child safety lock, 10 power settings, and power saving ECO mode.",free shipping,2018-01-07T16:26:37-05:00,3,$70,"https://cdlnws.a.ssl.fastly.net/image/upload/c_limit,dpr_auto,f_auto,q_auto,w_auto/content/eimguicmjcprormkt8t8"
,,SMALL APPLIANCES,Nostalgia Grilled Cheese Sandwich Toaster,https://www.dealnews.com/Nostalgia-Grilled-Cheese-Sandwich-Toaster-for-20-free-shipping-w-Prime/2173508.html,2173508,"Amazon offers the <a target=""_blank"" data-iref=""fp-content-wide-body"" href=""https://www.dealnews.com/lw/click.html?20,2,2173508"">Nostalgia Grilled Cheese Sandwich Toaster</a> for <b>$19.99</b>. Plus, Prime members get <b>free shipping</b>. That's the lowest price we could find by $5. It features two removable toasting baskets and an adjustable toasting dial.",free shipping w/ Prime,2018-01-07T16:24:38-05:00,5,$20,"https://cdlnws.a.ssl.fastly.net/image/upload/c_limit,dpr_auto,f_auto,q_auto,w_auto/content/gw4en6zn3ojf9gftfpnv"
,,CAMPING & OUTDOORS,Ozark Trail Comfort Director Chair,https://www.dealnews.com/Ozark-Trail-Comfort-Director-Chair-for-11-pickup-at-Walmart/2173556.html,2173556,"Walmart offers the <a target=""_blank"" data-iref=""fp-content-wide-body"" href=""https://www.dealnews.com/lw/click.html?20,2,2173556"">Ozark Trail Comfort Director Chair with Side Pocket</a> in Black for <b>$10.88</b>. Opt for in-store <b>pickup</b> to avoid the $5.99 shipping fee. That's $4 off and the lowest price we could find. It features 600D polyester fabric construction and a 300-lb. weight capacity.",pickup at Walmart,2018-01-07T16:23:37-05:00,3,$11,"https://cdlnws.a.ssl.fastly.net/image/upload/c_limit,dpr_auto,f_auto,q_auto,w_auto/content/vkevfggyztncr8fyxqs1"
,,BABIES & KIDS ITEMS,Samsung Digital Video Baby Monitor System,https://www.dealnews.com/Samsung-Digital-Video-Baby-Monitor-System-from-160-free-shipping/2173535.html,2173535,"Sam's Club offers its members the <a target=""_blank"" data-iref=""fp-content-wide-body"" href=""https://www.dealnews.com/lw/click.html?20,2,2173535"">Samsung BabyView Digital Video Baby Monitor System</a> for <b>$159.98</b> with <b>free shipping</b>. (Non-members pay $16 more.) That's the lowest price we could find by $39. Features include a 5"" touchscreen monitor, remote viewing on mobile devices, and night vision up to 16 feet.",free shipping,2018-01-07T16:22:08-05:00,1,from $160,"https://cdlnws.a.ssl.fastly.net/image/upload/c_limit,dpr_auto,f_auto,q_auto,w_auto/content/ztvqbysa31hvsj0v3xgp"
,,SURGE PROTECTORS,Belkin 7-Outlet Power Strip Surge Protector,https://www.dealnews.com/Belkin-7-Outlet-Power-Strip-Surge-Protector-for-12-free-shipping-w-Prime/2173514.html,2173514,"Amazon offers Prime members the <a target=""_blank"" data-iref=""fp-content-wide-body"" href=""https://www.dealnews.com/lw/click.html?20,2,2173514"">Belkin 7-Outlet SurgeMaster Home Series Power Strip Surge Protector</a> for <strong>$12.16</strong> with <strong>free shipping</strong>. That's the lowest price we could find by $3. It features a 6-foot cord.",free shipping w/ Prime,2018-01-07T16:19:00-05:00,3,$12,"https://cdlnws.a.ssl.fastly.net/image/upload/c_limit,dpr_auto,f_auto,q_auto,w_auto/content/qrwsfyxd5l5vyamzgpbp"
,,CREDIT CARDS,Chase Sapphire Reserve℠ Card,"https://www.dealnews.com/lw/click.html?20,2,2171069",2171069,"Sign up for the <a target=""_blank"" data-iref=""fp-content-wide-body"" href=""https://www.dealnews.com/lw/click.html?20,2,2171069"">Chase Sapphire Reserve℠ Credit Card</a> and earn <strong>50,000 bonus points</strong> after you spend <a target=""_blank"" data-iref=""fp-content-wide-body"" href=""https://www.dealnews.com/lw/click.html?20,2,17094638,2171069"">$4,000 or more</a> on purchases in the first three months from account opening – that's $750 toward travel when you redeem through Chase Ultimate Rewards®. Plus, automatically receive <strong>up to $300 in statement credits</strong> as reimbursement for travel purchases charged to your card each account anniversary year. Also, earn <strong>3X points</strong> for every $1 spent on travel and dining at restaurants worldwide, and 1 point for every $1 spent on all other purchases. There's a $450 annual fee; $75 for each authorized user. For more terms and conditions, <a target=""_blank"" data-iref=""fp-content-wide-body"" href=""https://www.dealnews.com/lw/click.html?20,2,17094641,2171069"">click here</a>.<br>
<br>
This card — and several more — can be found on our <a target=""_blank"" data-iref=""fp-content-wide-body"" href=""http://dealnews.com/credit-cards/s1642/Chase/"">Chase Credit Card page</a>.        <div class=""article-disclaimer"">
            <p class=""article-disclaimer-text"">
                <a href=""#"" class=""article-disclaimer-link info"" data-panel=""article_disclaimer-dialog"" data-dialog_text=""DealNews has financial relationships with the credit card issuers mentioned on our site, and DealNews receives compensation if consumers choose to apply for these by clicking links in our content and ultimately sign up for these specific cards. This compensation has no impact or influence on where or how the cards appears on dealnews.com. DealNews does not include all card companies or all card offers available in the marketplace.&lt;br&gt;&lt;br&gt;
&lt;bold&gt;UGC Disclosure&lt;/bold&gt;&lt;br&gt;
&lt;br&gt;
These responses are not provided or commissioned by the bank advertiser. Responses have not been reviewed, approved or otherwise endorsed by the bank advertiser. It is not the bank advertiser's responsibility to ensure all posts and/or questions are answered.
&lt;bold&gt;Bank Disclaimer&lt;/bold&gt;&lt;br&gt;
&lt;br&gt;
This content is not provided or commissioned by the Bank Advertiser. Opinions expressed here are author's alone, not those of the Bank Advertiser, and have not been reviewed, approved or otherwise endorsed by the Bank Advertiser. This site may be compensated through the Bank Advertiser Affiliate Program."" data-dialog_title=""Advertiser Disclosure"">Advertiser Disclosure</a>
            </p>
        </div>",,2018-01-03T12:34:27-05:00,,"50,000 bonus points","https://cdlnws.a.ssl.fastly.net/image/upload/c_limit,dpr_auto,f_auto,q_auto,w_auto/content/dgnflhffkigi97koojiy"
,,SMALL APPLIANCES,Toshiba Convection Oven,https://www.dealnews.com/Toshiba-Convection-Oven-for-51-free-shipping/2173505.html,2173505,"Amazon offers the <a target=""_blank"" data-iref=""fp-content-wide-body"" href=""https://www.dealnews.com/lw/click.html?20,2,2173505"">Toshiba Convection Oven</a> in Stainless Steel for <strong>$50.99</strong> with <strong>free shipping.</strong> That's $9 off and the lowest price we could find. It features a timer and fits a 12"" pizza or six slices of bread.",free shipping,2018-01-07T16:16:33-05:00,4,$51,"https://cdlnws.a.ssl.fastly.net/image/upload/c_limit,dpr_auto,f_auto,q_auto,w_auto/content/wosu4gllpwcopg55ko4x"
,,KIDS' SHOES,Chaco Kids' Unisex Outcross Shoes,https://www.dealnews.com/Chaco-Kids-Unisex-Outcross-Shoes-for-28-pickup-at-REI/2173499.html,2173499,"REI Garage offers the <a target=""_blank"" data-iref=""fp-content-wide-body"" href=""https://www.dealnews.com/lw/click.html?20,2,2173499"">Chaco Kids' Unisex Outcross Shoes</a> in several colors (Gunmetal pictured) for $37.73. In-cart, it drops to <b>$28.29</b>. Choose in-store <b>pickup</b> to avoid the $5.99 shipping fee. That's the lowest price we could find by $15. They're available in select sizes from 1 to 10. Deal ends January 8.",pickup at REI,2018-01-07T16:15:00-05:00,3,$28,"https://cdlnws.a.ssl.fastly.net/image/upload/c_limit,dpr_auto,f_auto,q_auto,w_auto/content/jhlu827k85dfv5ghlcrq"
,,SURGE PROTECTORS,Belkin 6-Outlet Power Strip Surge Protector,https://www.dealnews.com/Belkin-6-Outlet-Power-Strip-Surge-Protector-for-18-free-shipping-w-Prime/2173511.html,2173511,"Amazon offers Prime members the <a target=""_blank"" data-iref=""fp-content-wide-body"" href=""https://www.dealnews.com/lw/click.html?20,2,2173511"">Belkin 6-Outlet Power Strip Surge Protector</a> for <strong>$17.54</strong> with <strong>free shipping.</strong> That's the lowest price we could find by $2. It features six rotating surge-protected outlets.",free shipping w/ Prime,2018-01-07T16:11:06-05:00,3,$18,"https://cdlnws.a.ssl.fastly.net/image/upload/c_limit,dpr_auto,f_auto,q_auto,w_auto/content/kk3xnqthxfuvwuszy5tn"
,,KITCHEN,FoodSaver Space-Saver Fresh Appliance System,https://www.dealnews.com/Food-Saver-Space-Saver-Fresh-Appliance-System-for-59-free-shipping/2173424.html,2173424,"Amazon offers the <a target=""_blank"" data-iref=""fp-content-wide-body"" href=""https://www.dealnews.com/lw/click.html?20,2,2173424"">FoodSaver Space-Saver Fresh Appliance System</a> for <b>$58.99</b> with <b>free shipping</b>. That's the best price we could find by $11. It features 1-touch start, auto stop, and adjustable vacuum head. This kit ships with two quart zipper bags, two gallon sipper bags, a 3-cup fresh container, and 5-cup fresh container.",free shipping,2018-01-07T16:09:54-05:00,3,$59,"https://cdlnws.a.ssl.fastly.net/image/upload/c_limit,dpr_auto,f_auto,q_auto,w_auto/content/th8ege4jx6t4901xr12b"
,,CAMPING & OUTDOORS,Ozark Trail Back Care Chair,https://www.dealnews.com/Ozark-Trail-Back-Care-Chair-for-8-pickup-at-Walmart/2173553.html,2173553,"Walmart offers the <a target=""_blank"" data-iref=""fp-content-wide-body"" href=""https://www.dealnews.com/lw/click.html?20,2,2173553"">Ozark Trail Back Care Chair</a> for <b>$7.88</b>. Choose in-store <b>pickup</b> to avoid the $5.99 shipping fee. That's $6 off list and the lowest price we could find. It features a steel frame and built-in cup holder and includes a carrying bag.",pickup at Walmart,2018-01-07T16:08:21-05:00,3,$8,"https://cdlnws.a.ssl.fastly.net/image/upload/c_limit,dpr_auto,f_auto,q_auto,w_auto/content/qlk1jsmwbowtr0hdmnhq"
,,MEDICINE & MEDICAL,Johnson & Johnson 50pc Princess First Aid Kit,https://www.dealnews.com/Johnson-Johnson-50-pc-Princess-First-Aid-Kit-for-5-free-shipping-w-Prime/2173496.html,2173496,"Amazon offers Prime members the <a target=""_blank"" data-iref=""fp-content-wide-body"" href=""https://www.dealnews.com/lw/click.html?20,2,2173496"">Johnson &amp; Johnson Disney Princess Red Cross 50-Piece First Aid Kit</a> for <strong>$4.75</strong> with <strong>free shipping</strong>. That's the lowest price we could find by $2. It includes hand cleansing wipes, antibiotic ointment, decorated adhesive bandages, gauze pads, and more.<br>
<br>
Note: It's currently out of stock but can still be ordered for this price.",free shipping w/ Prime,2018-01-07T16:00:00-05:00,4,$5,"https://cdlnws.a.ssl.fastly.net/image/upload/c_limit,dpr_auto,f_auto,q_auto,w_auto/content/aanhxixarbag8uey4zvb"
,,TV STANDS,Convenience Concepts 3-Tier TV Stand,https://www.dealnews.com/Convenience-Concepts-3-Tier-TV-Stand-for-30-free-shipping/2173439.html,2173439,"Amazon offers the <a target=""_blank"" data-iref=""fp-content-wide-body"" href=""https://www.dealnews.com/lw/click.html?20,2,2173439"">Convenience Concepts Designs2Go 3-Tier TV Stand</a> in Black for <strong>$29.74</strong> with <strong>free shipping</strong>. That's the lowest price we could find by $10. It fits TVs up to 32"" and has a weight capacity of 80 lbs.",free shipping,2018-01-07T15:45:00-05:00,3,$30,"https://cdlnws.a.ssl.fastly.net/image/upload/c_limit,dpr_auto,f_auto,q_auto,w_auto/content/cr4ze0wc6wirqnk6qoh2"
,True,EXTENSION CORDS & POWER STRIPS,Prime 6-Outlet Power Strip 2-Pack,https://www.dealnews.com/Prime-6-Outlet-Power-Strip-2-Pack-for-4-free-shipping/2173550.html,2173550,"For in-store pickup only, with price and stock varying by ZIP, Lowe's offers the <a target=""_blank"" data-iref=""fp-content-wide-body"" href=""https://www.dealnews.com/lw/click.html?20,2,2173550"">Prime 6-Outlet Power Strip 2-Pack</a> for <strong>$3.97</strong>. That's 50 cents under our mention from two weeks ago and $7 under the lowest price we could find for a similar 2-pack elsewhere. Each strip features a circuit breaker and 2-foot power cord. Deal ends February 18.",free shipping,2018-01-07T15:37:31-05:00,5,$4,"https://cdlnws.a.ssl.fastly.net/image/upload/c_limit,dpr_auto,f_auto,q_auto,w_auto/content/mecrvutcgaodnzafgcbv"
,,TOYS & HOBBIES,Shrinky Dinks Cool Stuff Activity Set,https://www.dealnews.com/Shrinky-Dinks-Cool-Stuff-Activity-Set-for-6-free-shipping-w-Prime/2173445.html,2173445,"Amazon offers Prime members the <a target=""_blank"" data-iref=""fp-content-wide-body"" href=""https://www.dealnews.com/lw/click.html?20,2,2173445"">Shrinky Dinks Cool Stuff Activity Set</a> for <strong>$5.99</strong> with <strong>free shipping</strong>. That's the lowest price we could find by $4. It includes eight color pencils, eight stands, six pipe cleaners, two key chains, and six magnets.",free shipping w/ Prime,2018-01-07T15:30:00-05:00,3,$6,"https://cdlnws.a.ssl.fastly.net/image/upload/c_limit,dpr_auto,f_auto,q_auto,w_auto/content/whmejivddkt7h9y9b3bn"
,,CREDIT CARDS,Marriott Rewards® Premier Credit Card,"https://www.dealnews.com/lw/click.html?20,2,2173280",2173280,"Sign up for the <a target=""_blank"" data-iref=""fp-content-wide-body"" href=""https://www.dealnews.com/lw/click.html?20,2,2173280"">Marriott Rewards® Premier Credit Card</a> and <strong>earn 80,000 Bonus Points</strong> after you <a target=""_blank"" data-iref=""fp-content-wide-body"" href=""https://www.dealnews.com/lw/click.html?20,2,17099096,2173280"">spend $3,000 on purchases</a> in the first 3 months from account opening. Plus, <strong>earn 7,500 Bonus Points</strong> when you add the first authorized user and make a purchase in the first 3 months from account opening. You'll also <strong>earn 5 points</strong> for every $1 spent at 5,700 Marriott locations, <strong>2 points</strong> for every $1 spent on airline tickets purchased directly with the airline, at car rental agencies, and restaurants, and <strong>1 point</strong> everywhere else. Other card features include <strong>1 Free Night Stay</strong> at a Category 1-5 location every year after your account anniversary date, <strong>15 credits</strong> toward your next Elite membership level after account approval and every year after account anniversary, and <strong>1 Elite Credit</strong> for every $3,000 spent on purchases. An $85 annual fee applies. For more terms and conditions, <a target=""_blank"" data-iref=""fp-content-wide-body"" href=""https://www.dealnews.com/lw/click.html?20,2,17099099,2173280"">click here</a>.<br>
<br>
This card — and several more — can be found on our <a target=""_blank"" data-iref=""fp-content-wide-body"" href=""http://dealnews.com/credit-cards/s1642/Chase/"">Chase Credit Card page</a>.        <div class=""article-disclaimer"">
            <p class=""article-disclaimer-text"">
                <a href=""#"" class=""article-disclaimer-link info"" data-panel=""article_disclaimer-dialog"" data-dialog_text=""DealNews has financial relationships with the credit card issuers mentioned on our site, and DealNews receives compensation if consumers choose to apply for these by clicking links in our content and ultimately sign up for these specific cards. This compensation has no impact or influence on where or how the cards appears on dealnews.com. DealNews does not include all card companies or all card offers available in the marketplace.&lt;br&gt;&lt;br&gt;
&lt;bold&gt;UGC Disclosure&lt;/bold&gt;&lt;br&gt;
&lt;br&gt;
These responses are not provided or commissioned by the bank advertiser. Responses have not been reviewed, approved or otherwise endorsed by the bank advertiser. It is not the bank advertiser's responsibility to ensure all posts and/or questions are answered.
&lt;bold&gt;Bank Disclaimer&lt;/bold&gt;&lt;br&gt;
&lt;br&gt;
This content is not provided or commissioned by the Bank Advertiser. Opinions expressed here are author's alone, not those of the Bank Advertiser, and have not been reviewed, approved or otherwise endorsed by the Bank Advertiser. This site may be compensated through the Bank Advertiser Affiliate Program."" data-dialog_title=""Advertiser Disclosure"">Advertiser Disclosure</a>
            </p>
        </div>",,2018-01-07T00:01:00-05:00,,"Earn 80,000 Bonus Points","https://cdlnws.a.ssl.fastly.net/image/upload/c_limit,dpr_auto,f_auto,q_auto,w_auto/content/aqgroaw40es5ego2zmp5"
,True,CARD AND BOARD GAMES,Hasbro DropMix Music Gaming System,https://www.dealnews.com/Hasbro-Drop-Mix-Music-Gaming-System-for-50-free-shipping/2173547.html,2173547,"Best Buy via eBay offers the <a target=""_blank"" data-iref=""fp-content-wide-body"" href=""https://www.dealnews.com/lw/click.html?20,2,2173547"">Hasbro DropMix Music Gaming System</a> for <strong>$49.99</strong> with <strong>free shipping</strong>. (<a target=""_blank"" data-iref=""fp-content-wide-body"" href=""https://www.dealnews.com/lw/click.html?20,2,17099258,2173547"">Amazon</a> charges the same.) That's tied mention from three weeks ago as the lowest price we've seen. (It's the best deal today by $20.) This fast-paced music mixing game features three modes of play and 60 DropMix cards with music from popular artists. <a target=""_blank"" data-iref=""fp-content-wide-body"" href=""https://www.dealnews.com/lw/click.html?20,2,17099261,2173547"">Click here</a> for more info.<br>
<br>
Note: This game requires a mobile device and a download of the free <a target=""_blank"" data-iref=""fp-content-wide-body"" href=""https://www.dealnews.com/lw/click.html?20,2,17099264,2173547"">DropMix app</a> to play.",free shipping,2018-01-07T15:18:06-05:00,2,$50,"https://cdlnws.a.ssl.fastly.net/image/upload/c_limit,dpr_auto,f_auto,q_auto,w_auto/content/mfhkh936pr7vdkchs2at"
,,TABLETS,"Refurb Wildgame Innovations 7"" Android Tablet",https://www.dealnews.com/Refurb-Wildgame-Innovations-7-Android-Tablet-for-25-free-shipping/2173277.html,2173277,"Erequisite via eBay offers the refurbished <a target=""_blank"" data-iref=""fp-content-wide-body"" href=""https://www.dealnews.com/lw/click.html?20,2,2173277"">Wildgame Innovations Trail Pad Series 7"" Android Photo Media Viewer Tablet</a> for <strong>$24.99</strong> with <strong>free shipping</strong>. That's the lowest price we could find by $10. It features Android 4.1 software, 8GB internal memory, water resistant housing, and Wi-Fi.<br>
<br>
Note: No warranty information is provided",free shipping,2018-01-07T15:15:00-05:00,3,$25,"https://cdlnws.a.ssl.fastly.net/image/upload/c_limit,dpr_auto,f_auto,q_auto,w_auto/content/egiaeopcbpkl5v2gfwfc"
,,GAMES,PlayerUnknown's Battlegrounds for XB1,https://www.dealnews.com/Player-Unknowns-Battlegrounds-for-XB1-for-23/2173448.html,2173448,"CDKeys offers Steam downloads of <a target=""_blank"" data-iref=""fp-content-wide-body"" href=""https://www.dealnews.com/lw/click.html?20,2,2173448"">PlayerUnknown's Battlegrounds for Xbox One</a> for $23.99. Coupon code ""CDK36454"" cuts that price to <strong>$23.25</strong>. Plus, receive a <strong>free</strong> Steam download of <a target=""_blank"" data-iref=""fp-content-wide-body"" href=""https://www.dealnews.com/lw/click.html?20,2,17099189,2173448"">Assassin's Creed Unity for Xbox One.</a> That's $2 under our October mention, $10 off, and the lowest price we could find.<br>
<br>
Note: This game is early access, which means that it is not complete, and may or may not change further. Also, new customers can provide an email address on the <a target=""_blank"" data-iref=""fp-content-wide-body"" href=""https://www.dealnews.com/lw/click.html?20,2,17099192,2173448"">CDKeys Facebook page</a> to get a unique coupon code that cuts an extra 5% off.",,2018-01-07T15:00:00-05:00,3,$23,"https://cdlnws.a.ssl.fastly.net/image/upload/c_limit,dpr_auto,f_auto,q_auto,w_auto/content/r2kwb0fu8w4wonwor6bs"
,,MONITORS,"Monoprice 27"" 1440p AVHA LCD Display",https://www.dealnews.com/Monoprice-27-1440-p-AVHA-LCD-Display-for-238-free-shipping/2173538.html,2173538,"Monoprice offers its <a target=""_blank"" data-iref=""fp-content-wide-body"" href=""https://www.dealnews.com/lw/click.html?20,2,2173538"">Monoprice 27"" 1440p AVHA LCD Pixel Perfect Monitor</a> for <strong>$237.99</strong> with <strong>free shipping</strong>. That's $12 under our mention from a month ago, $42 off list, and the lowest price we've seen. It features a native resolution of 2560x1440 (1440p), DisplayPort, HDMI, dual-link DVI-D, and VGA.",free shipping,2018-01-07T14:45:00-05:00,3,$238,"https://cdlnws.a.ssl.fastly.net/image/upload/c_limit,dpr_auto,f_auto,q_auto,w_auto/content/zrfc0hq5r8indszcnph4"
,True,UNIVERSAL REMOTE CONTROLS,Logitech Harmony Smart Control w/ Remote,https://www.dealnews.com/Logitech-Harmony-Smart-Control-w-Remote-for-58-pickup-at-Walmart/2173544.html,2173544,"In select ZIP codes only, Walmart offers the <a target=""_blank"" data-iref=""fp-content-wide-body"" href=""https://www.dealnews.com/lw/click.html?20,2,2173544"">Logitech Harmony Smart Control with Universal Remote</a> for the in-cart price of $79. It drops to <strong>$58</strong> when you choose in-store <b>pickup</b>. That's tied with our mention from a week ago as the best price we've seen in over a year and it's the lowest price we could find today by $21. The Harmony Smart Control works on more than 225,000 devices and features Bluetooth 3.0, a universal remote with 50 favorite channel icons, and support for Amazon's Alexa voice control. The hub also works with the Harmony app for iOS or Android.",pickup at Walmart,2018-01-07T14:40:30-05:00,4,$58,"https://cdlnws.a.ssl.fastly.net/image/upload/c_limit,dpr_auto,f_auto,q_auto,w_auto/content/dvxltgggszc7hseyrceu"
,,TOYS & HOBBIES,Lionel Pennsylvania Flyer Freight Train Set,https://www.dealnews.com/Lionel-Pennsylvania-Flyer-Freight-Train-Set-for-149-free-shipping/2173541.html,2173541,"Amazon offers the <a target=""_blank"" data-iref=""fp-content-wide-body"" href=""https://www.dealnews.com/lw/click.html?20,2,2173541"">Lionel Pennsylvania Flyer LionChief 0-8-0 Freight Train Set</a> for <b>$148.53</b> with <b>free shipping</b>. That's the lowest price we could find by $53. It includes a locomotive and tender, 3-dome tank car, boxcar, caboose, eight curved FasTrack track pieces, one 10"" straight FasTrack plug-expand-play power lock-on section, FasTrack terminal piece, two 10"" straight FasTrack pieces, and control via Bluetooth.",free shipping,2018-01-07T14:30:00-05:00,3,$149,"https://cdlnws.a.ssl.fastly.net/image/upload/c_limit,dpr_auto,f_auto,q_auto,w_auto/content/rwnfuorp8meuiiwtnded"
,,SMALL APPLIANCES,Rosewill 1500W Insulated 1.7L Electric Kettle,https://www.dealnews.com/Rosewill-1500-W-Insulated-1.7-L-Electric-Kettle-for-28-free-shipping/2173403.html,2173403,"Rosewill via Sears offers the <a target=""_blank"" data-iref=""fp-content-wide-body"" href=""https://www.dealnews.com/lw/click.html?20,2,2173403"">Rosewill 1,500-watt Double Wall Vacuum Insulated 1.7-Liter Electric Kettle</a> for <strong>$27.99</strong> with <strong>free shipping</strong>. That's the lowest price we could find by $17. This stainless steel kettle features 360° rotating base, cool touch housing, and a luminous on/off switch.",free shipping,2018-01-07T14:15:00-05:00,3,$28,"https://cdlnws.a.ssl.fastly.net/image/upload/c_limit,dpr_auto,f_auto,q_auto,w_auto/content/c7xu74hj2lbm20po08r2"
,,GAMES,Call of Duty: WWII for PS4 / Xbox One,https://www.dealnews.com/Call-of-Duty-WWII-for-PS4-Xbox-One-for-36-free-shipping/2173406.html,2173406,"Newegg offers <a target=""_blank"" data-iref=""fp-content-wide-body"" href=""https://www.dealnews.com/lw/click.html?20,2,2173406"">Call of Duty: WWII for PlayStation 4</a> or <a target=""_blank"" data-iref=""fp-content-wide-body"" href=""https://www.dealnews.com/lw/click.html?20,2,17099180,2173406"">Xbox One</a> for $59.99. Coupon code ""EMCPEPV44"" cuts that price to <strong>$35.99</strong>. With <strong>free shipping</strong>, that's $2 under our mention from two weeks ago and the lowest price we could find by $14.",free shipping,2018-01-07T14:00:00-05:00,3,$36,"https://cdlnws.a.ssl.fastly.net/image/upload/c_limit,dpr_auto,f_auto,q_auto,w_auto/content/rp9g2uohxmzu2ckfqx22"
,,GROCERIES,Ocean Spray Cranberry Juice Cans 48-Pack,https://www.dealnews.com/Ocean-Spray-Cranberry-Juice-Cans-48-Pack-for-14-free-shipping/2173490.html,2173490,"Amazon offers the <a target=""_blank"" data-iref=""fp-content-wide-body"" href=""https://www.dealnews.com/lw/click.html?20,2,2173490"">Ocean Spray Cranberry Juice 5.5-oz. Cans 48-Pack</a> for $15.06. Checkout via Subscribe and Save to cut that price to <strong>$14.31</strong>. With <strong>free shipping</strong>, that's a buck off, and the lowest price we could find.<br>
<br>
Note: Be sure to cancel your subscription once your order ships to avoid being billed for further shipments.",free shipping,2018-01-07T13:45:00-05:00,4,$14,"https://cdlnws.a.ssl.fastly.net/image/upload/c_limit,dpr_auto,f_auto,q_auto,w_auto/content/csjf4xslhdkqc4ffebmr"
,,"MOVIES, TV SHOWS & VIDEOS",4 Months of DirecTV Now w/ Apple TV 4K 32GB,https://www.dealnews.com/4-Months-of-Direc-TV-Now-w-Apple-TV-4-K-32-GB-for-140-free-shipping/2173253.html,2173253,"At DirecTV Now, prepay for <a target=""_blank"" data-iref=""fp-content-wide-body"" href=""https://www.dealnews.com/lw/click.html?20,2,17099066,2173253"">four months of DirecTV Now service</a> for <b>$140</b> ($35/month) and receive the recently-released <a target=""_blank"" data-iref=""fp-content-wide-body"" href=""https://www.dealnews.com/lw/click.html?20,2,2173253"">Apple TV 4K 32GB Media Receiver</a> for <b>free</b> via the steps below. It features Apple's A10X Fusion chip, which is 2x faster and provides 4x GPU performance over the previous generation Apple TV. It also supports 4K HDR content via HDR 10 and Dolby Vision. This deal includes the ""Live a Little"" package from DirecTV Now, which offers over 60 channels to stream live, with many shows available on demand. After four months, you'll be billed $35/month for the service, but you may cancel at any time. To get this deal:
<ol>
 <li>On <a target=""_blank"" data-iref=""fp-content-wide-body"" href=""https://www.dealnews.com/lw/click.html?20,2,17099069,2173253"">this page</a>, click ""Redeem &amp; Stream""
 </li>
 <li>create your account
 </li>
 <li>select the ""Live a Little"" tab and click ""Continue with this plan""
 </li>
 <li>on the add-ons page, click ""Skip for now""
 </li>
 <li>choose the Apple TV 4K and click ""Add to plan"", then click ""Continue""
 </li>
 <li>you'll see a final price of <b>$140</b> on the checkout page
 </li>
</ol>
Note: You must use Chrome or Safari as your browser to get this deal.",free shipping,2018-01-07T00:01:00-05:00,,$140,"https://cdlnws.a.ssl.fastly.net/image/upload/c_limit,dpr_auto,f_auto,q_auto,w_auto/content/e0ocpnku7nfbwmiqbqfc"
,,BATTERIES,"16 Duracell Batteries, $16 Office Depot GC",https://www.dealnews.com/16-Duracell-Batteries-16-Office-Depot-GC-for-16-pickup-at-Office-Depot/2173469.html,2173469,"Office Depot and OfficeMax again offers the <a target=""_blank"" data-iref=""fp-content-wide-body"" href=""https://www.dealnews.com/lw/click.html?20,2,2173469"">Duracell Coppertop Alkaline AAA Batteries 16-Pack</a> or <a target=""_blank"" data-iref=""fp-content-wide-body"" href=""https://www.dealnews.com/lw/click.html?20,2,17099204,2173469"">Duracell Coppertop Alkaline AA Batteries 16-Pack</a> for <strong>$15.99</strong>. Plus, Office Depot and OfficeMax Rewards members will bag a <a target=""_blank"" data-iref=""fp-content-wide-body"" href=""https://www.dealnews.com/lw/click.html?20,2,17099207,2173469"">$15.99 Rewards Credit</a> for <b>free</b>. (Not a member? It's free to <a target=""_blank"" data-iref=""fp-content-wide-body"" href=""https://www.dealnews.com/lw/click.html?20,2,17099210,2173469"">sign up</a>.) Choose free in-store <b>pickup</b> to dodge the $9.95 shipping fee. That's tied with our mention from a month ago and the best deal we could find now by at least $11.) Deal is limited to two per customer.<br>
<br>
Note: Allow up to five weeks after the promotion ends for Rewards to become available in your account.",pickup at Office Depot,2018-01-07T13:30:00-05:00,3,$16,"https://cdlnws.a.ssl.fastly.net/image/upload/c_limit,dpr_auto,f_auto,q_auto,w_auto/content/sz1ulkeaxhms4amws2yz"
,,BED & BATH,BioBidet Prestige Elongated Bidet Toilet Seat,https://www.dealnews.com/Bio-Bidet-Prestige-Elongated-Bidet-Toilet-Seat-for-280-5-s-h/2173463.html,2173463,"Woot offers the <a target=""_blank"" data-iref=""fp-content-wide-body"" href=""https://www.dealnews.com/lw/click.html?20,2,2173463"">BioBidet Prestige Elongated Bidet Toilet Seat</a> for <strong>$279.99</strong> plus <strong>$5</strong> for shipping. That's the lowest price we could find by $164. It features a side control panel, 3-in-1 nozzle system, heated seat, heated air dryer, massage, and oscillating mode.",$5 shipping,2018-01-07T13:15:00-05:00,3,$280,"https://cdlnws.a.ssl.fastly.net/image/upload/c_limit,dpr_auto,f_auto,q_auto,w_auto/content/wfcffqh0ezspvnhjia7u"
,,GAMES,Destiny: The Taken King Legendary Ed Xbox One,https://www.dealnews.com/Destiny-The-Taken-King-Legendary-Ed-Xbox-One-for-8-free-shipping/2173478.html,2173478,"Microsoft Store offers <a target=""_blank"" data-iref=""fp-content-wide-body"" href=""https://www.dealnews.com/lw/click.html?20,2,2173478"">Destiny: The Taken King Legendary Edition for Xbox One</a> for <strong>$7.99</strong> with <strong>free shipping</strong>. That's $7 under our mention from last March and the lowest price we've seen (it's a low today by $10).",free shipping,2018-01-07T13:00:00-05:00,3,$8,"https://cdlnws.a.ssl.fastly.net/image/upload/c_limit,dpr_auto,f_auto,q_auto,w_auto/content/fk2vsbchh5bgwpn3df36"
,,LAPTOPS,"Asus VivoBook Flip Pentium 14"" Touch Laptop",https://www.dealnews.com/Asus-Vivo-Book-Flip-Pentium-14-Touch-Laptop-for-299-free-shipping/2173493.html,2173493,"Walmart offers the 3.3-lb. <a target=""_blank"" data-iref=""fp-content-wide-body"" href=""https://www.dealnews.com/lw/click.html?20,2,2173493"">Asus VivoBook Flip TP401 Intel Pentium Apollo Lake 1.1GHz 14"" Touchscreen 2-in-1 Laptop</a> for <b>$299</b> with <b>free shipping</b>. That's tied with our mention from three weeks ago and the lowest price we could find today by $80. It features an Intel Pentium N4200 1.1GHz Apollo Lake quad-core processor, 14"" 1366x768 (720p) touchscreen LCD, 4GB RAM, 64GB eMMC storage, 802.11ac wireless, Bluetooth, 4.1, USB 3.1 Type-C, micro HDMI, 2-cell battery, and Windows 10 Home.",free shipping,2018-01-07T12:50:00-05:00,4,$299,"https://cdlnws.a.ssl.fastly.net/image/upload/c_limit,dpr_auto,f_auto,q_auto,w_auto/content/dzx5k6efmqirftdyxhib"
2018-01-07T13:06:08-05:00,,EBOOKS,Select Minecraft for Kids eBooks,https://www.dealnews.com/Select-Minecraft-for-Kids-eBooks-for-free/2173472.html,2173472,"Amazon offers a range of Minecraft for kids Kindle eBooks for <strong>free</strong>. That's up to $2 off and the lowest price we could find. Titles include:
<ul>
 <li>
 <a target=""_blank"" data-iref=""fp-content-wide-body"" href=""https://www.dealnews.com/lw/click.html?20,2,2173472"">The Friendly Creeper Diaries (Book 1): The Creeper Village</a>
 </li>
 <li>
 <a target=""_blank"" data-iref=""fp-content-wide-body"" href=""https://www.dealnews.com/lw/click.html?20,2,17099216,2173472"">The Friendly Creeper Diaries: The Moon City (Book 4): The Underground City</a>
 </li>
 <li>
 <a target=""_blank"" data-iref=""fp-content-wide-body"" href=""https://www.dealnews.com/lw/click.html?20,2,17099219,2173472"">The Friendly Creeper Diaries: The Relics of Dragons (Book 7): Possessed by Herobrine</a>
 </li>
 <li>
 <a target=""_blank"" data-iref=""fp-content-wide-body"" href=""https://www.dealnews.com/lw/click.html?20,2,17099222,2173472"">Minecraft: Battle of Legends Book 1</a>
 </li>
 <li>
 <a target=""_blank"" data-iref=""fp-content-wide-body"" href=""https://www.dealnews.com/lw/click.html?20,2,17099225,2173472"">The Obsidian Cube (Book 1): An Unknown Past</a>
 </li>
</ul>",,,4,free,"https://cdlnws.a.ssl.fastly.net/image/upload/c_limit,dpr_auto,f_auto,q_auto,w_auto/content/igveluniyeffsalvzq1k"
2018-01-07T13:04:42-05:00,,HEADPHONES,Anker SoundBuds Slim Wireless Earbuds,https://www.dealnews.com/Anker-Sound-Buds-Slim-Wireless-Earbuds-for-19-free-shipping-w-Prime/2173397.html,2173397,"AnkerDirect via Amazon offers Prime members the <a target=""_blank"" data-iref=""fp-content-wide-body"" href=""https://www.dealnews.com/lw/click.html?20,2,2173397"">Anker SoundBuds Slim Wireless Earbuds</a> in Blue or Red for <strong>$18.99</strong> with <strong>free shipping</strong>. That's a buck under our September mention and the lowest price we could find now by $9. Features include IPX4 rated water-resistance, 6mm drivers, and three sizes of ear tips.",free shipping w/ Prime,,3,$19,"https://cdlnws.a.ssl.fastly.net/image/upload/c_limit,dpr_auto,f_auto,q_auto,w_auto/content/rusu7aqszzk8oniannvc"
2018-01-07T13:04:03-05:00,,SMALL APPLIANCES,Gourmia 6-Quart Pressure Cooker,https://www.dealnews.com/Gourmia-6-Quart-Pressure-Cooker-for-50-free-shipping/2173457.html,2173457,"Best Buy via eBay offers the <a target=""_blank"" data-iref=""fp-content-wide-body"" href=""https://www.dealnews.com/lw/click.html?20,2,2173457"">Gourmia 6-Quart Pressure Cooker</a> in Stainless Steel/Black for <strong>$49.99</strong> with <strong>free shipping</strong>. That's $10 under our mention from three weeks ago, $70 off, and the lowest price we could find. It features a keep-warm function, touchpad controls, and a digital display.",free shipping,,3,$50,"https://cdlnws.a.ssl.fastly.net/image/upload/c_limit,dpr_auto,f_auto,q_auto,w_auto/content/mgpuvznwjp5onumfvv2s"
2018-01-07T13:03:35-05:00,,CRAFTS,Smart Color Art Dual Tip Brush Pen 48-Pack,https://www.dealnews.com/Smart-Color-Art-Dual-Tip-Brush-Pen-48-Pack-for-16-free-shipping/2173484.html,2173484,"Smart Color Art via Amazon offers the <a target=""_blank"" data-iref=""fp-content-wide-body"" href=""https://www.dealnews.com/lw/click.html?20,2,2173484"">Smart Color Art Dual Tip Brush Pen 48-Pack</a> for <strong>$15.79</strong> with <strong>free shipping</strong>. That's $11 under our June mention and the lowest price we could find by $2.",free shipping,,3,$16,"https://cdlnws.a.ssl.fastly.net/image/upload/c_limit,dpr_auto,f_auto,q_auto,w_auto/content/kdeccn1d90sn8dl8f20p"
2018-01-07T13:03:19-05:00,,EXTERNAL HARD DRIVES,WD 8TB Easystore USB 3.0 Desktop Hard Drive,https://www.dealnews.com/WD-8-TB-Easystore-USB-3.0-Desktop-Hard-Drive-for-160-free-shipping/2173466.html,2173466,"Best Buy offers the <a target=""_blank"" data-iref=""fp-content-wide-body"" href=""https://www.dealnews.com/lw/click.html?20,2,2173466"">Western Digital 8TB Easystore USB 3.0 Desktop Hard Drive</a> for <strong>$159.99</strong> with <strong>free shipping</strong>. That's the lowest price we could find by $25, although we saw this for $20 less last month. It includes WD Backup and Drive Utilities software and also comes with a choice of $20 Shutterfly Credit or 8x8"" Photo Book.",free shipping,,3,$160,"https://cdlnws.a.ssl.fastly.net/image/upload/c_limit,dpr_auto,f_auto,q_auto,w_auto/content/t21o077beszlarpx6tut"
,,CREDIT CARDS,Wells Fargo Cash Wise Visa® Card,"https://www.dealnews.com/lw/click.html?20,2,2173274",2173274,"At Wells Fargo, apply for the <a target=""_blank"" data-iref=""fp-content-wide-body"" href=""https://www.dealnews.com/lw/click.html?20,2,2173274"">Wells Fargo Cash Wise Visa® Card</a> and receive a <strong>$200 Cash Rewards Bonus</strong> after you spend at least $1,000 on purchases in the first 3 months of account opening. Plus, you'll earn <strong>unlimited 1.5% Cash Rewards</strong> with no category limitations or quarterly activations. Also, earn <strong>1.8% Cash Rewards</strong> on Android Pay™ or Apple Pay® mobile wallet purchases during the first 12 months from account opening. Enjoy a <strong>0% Intro APR</strong> on purchases and balance transfers for 12 months. After that your variable APR will be 14.24% to 26.24%. Balance transfer fees apply. Finally, there's <strong>no annual fee</strong>. For more terms and conditions, <a target=""_blank"" data-iref=""fp-content-wide-body"" href=""https://www.dealnews.com/lw/click.html?20,2,17099093,2173274"">click here</a>.        <div class=""article-disclaimer"">
            <p class=""article-disclaimer-text"">
                <a href=""#"" class=""article-disclaimer-link info"" data-panel=""article_disclaimer-dialog"" data-dialog_text=""DealNews has financial relationships with the credit card issuers mentioned on our site, and DealNews receives compensation if consumers choose to apply for these by clicking links in our content and ultimately sign up for these specific cards. This compensation has no impact or influence on where or how the cards appears on dealnews.com. DealNews does not include all card companies or all card offers available in the marketplace.&lt;br&gt;&lt;br&gt;
&lt;bold&gt;UGC Disclosure&lt;/bold&gt;&lt;br&gt;
&lt;br&gt;
These responses are not provided or commissioned by the bank advertiser. Responses have not been reviewed, approved or otherwise endorsed by the bank advertiser. It is not the bank advertiser's responsibility to ensure all posts and/or questions are answered.
&lt;bold&gt;Bank Disclaimer&lt;/bold&gt;&lt;br&gt;
&lt;br&gt;
This content is not provided or commissioned by the Bank Advertiser. Opinions expressed here are author's alone, not those of the Bank Advertiser, and have not been reviewed, approved or otherwise endorsed by the Bank Advertiser. This site may be compensated through the Bank Advertiser Affiliate Program."" data-dialog_title=""Advertiser Disclosure"">Advertiser Disclosure</a>
            </p>
        </div>",,2018-01-07T00:01:00-05:00,,$200 Cash Rewards Bonus,"https://cdlnws.a.ssl.fastly.net/image/upload/c_limit,dpr_auto,f_auto,q_auto,w_auto/content/ttmjwoteco6cqmdv7rzz"
2018-01-07T13:08:13-05:00,,ANDROID PHONES,Refurb Asus ZenFone 3 16GB Android Phone,https://www.dealnews.com/Refurb-Asus-Zen-Fone-3-16-GB-Android-Phone-for-70-after-rebate-free-shipping/2173460.html,2173460,"Newegg offers the refurbished <a target=""_blank"" data-iref=""fp-content-wide-body"" href=""https://www.dealnews.com/lw/click.html?20,2,2173460"">Unlocked Asus ZenFone 3 Max 16GB 4G LTE GSM Android Smartphone</a> in Gray for <strong>$69.99</strong> via the instructions below. With <strong>free shipping</strong>, that's $10 under last month's mention, $60 under the lowest price we could find for a new unit and the best price we've seen in any condition. The phone features a 4,100mAh battery, which lasts up to 30 days on standby and doubles as a power bank. Additional features include an MediaTek MT6737 1.25GHz quad-core processor, 5.2"" 1280x720 (720p) IPS touchscreen LCD, 2GB RAM, 16GB storage, 13-megapixel rear camera, 5-megapixel front-facing camera, 1080p video recording, 802.11n wireless, Bluetooth 4.0, microSD card slot, fingerprint sensor, and Android 6.0 OS (Marshmallow). Deal ends January 31. To get this deal:
<ol>
 <li>Add the refurbished <a target=""_blank"" data-iref=""fp-content-wide-body"" href=""https://www.dealnews.com/lw/click.html?20,2,2173460"">Unlocked Asus ZenFone 3 Max 16GB 4G LTE GSM Android Smartphone</a> to cart for $89.99
 </li>
 <li>coupon code ""EMCSPEPV3"" cuts it to $79.99
 </li>
 <li>redeem this <a target=""_blank"" data-iref=""fp-content-wide-body"" href=""https://www.dealnews.com/lw/click.html?20,2,17099201,2173460"">$10 rebate</a> for a final price of <strong>$69.99</strong>
 </li>
</ol>
Note: A 90-day warranty applies but it's unclear who covers it.",free shipping,,4,$70 after rebate,"https://cdlnws.a.ssl.fastly.net/image/upload/c_limit,dpr_auto,f_auto,q_auto,w_auto/content/o2zbpydgwfynazwy0izy"
2018-01-07T13:02:53-05:00,,POWER TOOLS,Refurb Hitachi 4-Gal. Portable Air Compressor,https://www.dealnews.com/Refurb-Hitachi-4-Gal.-Portable-Air-Compressor-for-84-9-s-h/2173436.html,2173436,"Big Sky tool offers the refurbished <a target=""_blank"" data-iref=""fp-content-wide-body"" href=""https://www.dealnews.com/lw/click.html?20,2,2173436"">Hitachi 4-Gallon Portable Electric Twin Stack Air Compressor</a> for <strong>$83.97</strong> plus around <strong>$9</strong> for shipping. That's $6 under our mention from last April and about $59 under the lowest price we could find for a new unit. It weighs 53 lbs. and features a 15-amp direct-drive induction motor, cast iron pump, steel-encased gauges, and thermal overload protection.<br>
<br>
Note: A 1-year Hitachi warranty applies.",$9 shipping,,3,$84,"https://cdlnws.a.ssl.fastly.net/image/upload/c_limit,dpr_auto,f_auto,q_auto,w_auto/content/qgid17zwychpns7kvit9"
2018-01-07T12:53:55-05:00,,BBQS & GRILLS,Texsport BBQ Swivel Grill,https://www.dealnews.com/Texsport-BBQ-Swivel-Grill-for-32-free-shipping/2173454.html,2173454,"Walmart offers the <a target=""_blank"" data-iref=""fp-content-wide-body"" href=""https://www.dealnews.com/lw/click.html?20,2,2173454"">Texsport Heavy Duty Outdoor Barbecue Swivel Grill</a> for <strong>$32.09</strong> with <strong>free shipping</strong>. (<a target=""_blank"" data-iref=""fp-content-wide-body"" href=""https://www.dealnews.com/lw/click.html?20,2,17099198,2173454"">Amazon</a> charges the same.) That's $6 under our November mention and the lowest price we could find by $5. It features a 24"" x 16"" cooking surface and is height adjustable to 17"".",free shipping,,3,$32,"https://cdlnws.a.ssl.fastly.net/image/upload/c_limit,dpr_auto,f_auto,q_auto,w_auto/content/vdnwc5tdtn87mzixvecs"
,,COATS,Alpine Swiss Men's Grant Jacket,https://www.dealnews.com/Alpine-Swiss-Mens-Grant-Jacket-for-25-free-shipping/2173451.html,2173451,"Art of Deals via eBay offers the <a target=""_blank"" data-iref=""fp-content-wide-body"" href=""https://www.dealnews.com/lw/click.html?20,2,2173451"">Alpine Swiss Men's Grant 28"" Open Bottom Jacket</a> in Black or Gray for <strong>$24.99</strong> with <strong>free shipping</strong>. (<a target=""_blank"" data-iref=""fp-content-wide-body"" href=""https://www.dealnews.com/lw/click.html?20,2,17099195,2173451"">Alpine Swiss Store via Amazon</a> charges the same.) That's $5 under our mention from two weeks ago, $150 off list, and the lowest price we've seen. It's available in sizes S to XXL.",free shipping,2018-01-07T11:24:00-05:00,5,$25,"https://cdlnws.a.ssl.fastly.net/image/upload/c_limit,dpr_auto,f_auto,q_auto,w_auto/content/ndxuol53zy3zdieppmbe"
,,SHOES,Covington Men's Sheffield Loafers,https://www.dealnews.com/Covington-Mens-Sheffield-Loafers-for-13-free-pickup-at-Sears/2173442.html,2173442,"Sears offers the <a target=""_blank"" data-iref=""fp-content-wide-body"" href=""https://www.dealnews.com/lw/click.html?20,2,2173442"">Covington Men's Sheffield Loafers</a> in Black or Brown for $14.78. Coupon code ""SAVINGS"" cuts it to <b>$12.56</b>. Choose in-store <b>pickup</b> to dodge the $4.49 shipping charge, or spend $25 or more to qualify for free shipping. That's $47 off list and the best price we could find. They're available in sizes 7.5 to 13.",free pickup at Sears,2018-01-07T11:12:00-05:00,5,$13,"https://cdlnws.a.ssl.fastly.net/image/upload/c_limit,dpr_auto,f_auto,q_auto,w_auto/content/iqp6recnmrhgj53uawxa"
2018-01-07T12:53:01-05:00,,TOOL STORAGE & ORGANIZATION,Tool Storage and Organization at Amazon,https://www.dealnews.com/Tool-Storage-and-Organization-at-Amazon-Up-to-extra-30-off-free-shipping/2173400.html,2173400,"Amazon discounts a selection of <a target=""_blank"" data-iref=""fp-content-wide-body"" href=""https://www.dealnews.com/lw/click.html?20,2,17099186,2173400"">tool storage and organization items</a>. Plus, some items receive <b>up to an extra $30 off</b> via on-page clippable coupons. All these orders receive <strong>free shipping</strong>. A couple of best bets:
<ul>
 <li>
 <a target=""_blank"" data-iref=""fp-content-wide-body"" href=""https://www.dealnews.com/lw/click.html?20,2,2173400"">Waterloo 26"" Wide 5-Drawer Tool Chest</a> for <strong>$174.99</strong> via the on-page $10 clippable coupon (pictured, $10 low)
 </li>
 <li>
 <a target=""_blank"" data-iref=""fp-content-wide-body"" href=""https://www.dealnews.com/lw/click.html?20,2,17099177,2173400"">CAT 5-Drawer Ball Bearing Tool Chest</a> for <strong>$204.95</strong> (low by $30)
 </li>
</ul>",free shipping,,3,Up to extra $30 off,"https://cdlnws.a.ssl.fastly.net/image/upload/c_limit,dpr_auto,f_auto,q_auto,w_auto/content/eyghuiqzz1zpaytgaox5"
2018-01-07T12:51:41-05:00,,SUNGLASSES,Alkai Men's Griffin Polarized Sunglasses,https://www.dealnews.com/Alkai-Mens-Griffin-Polarized-Sunglasses-for-10-free-shipping-w-Prime/2173394.html,2173394,"AKASO-Store via Amazon offers Prime members the <a target=""_blank"" data-iref=""fp-content-wide-body"" href=""https://www.dealnews.com/lw/click.html?20,2,2173394"">Alkai Men's Griffin Sport Polarized Sunglasses</a> in Black/Red or Black/Silver for <strong>$9.99</strong> with <strong>free shipping</strong>. That's the lowest price we could find by $7. Features include TR90 frame material and 100% UV protection.",free shipping w/ Prime,,3,$10,"https://cdlnws.a.ssl.fastly.net/image/upload/c_limit,dpr_auto,f_auto,q_auto,w_auto/content/yl8qjyhe6m23m3ez3i8b"
2018-01-07T12:51:15-05:00,,SHOES,New Balance Men's Strobe Sneakers,https://www.dealnews.com/New-Balance-Mens-Strobe-Sneakers-for-30-1-s-h/2173430.html,2173430,"Ending today, Joe's New Balance Outlet offers the <a target=""_blank"" data-iref=""fp-content-wide-body"" href=""https://www.dealnews.com/lw/click.html?20,2,2173430"">New Balance Men's Strobe Running Shoes</a> in Black for <b>$29.99</b>. Coupon code ""DOLLARSHIP"" unlocks <b>$1</b> for shiping. That's tied with our expired mention from three days ago and the lowest price we could find by $21. They're available in regular and wide widths in select sizes from 8 to 13.",$1 shipping,,4,$30,"https://cdlnws.a.ssl.fastly.net/image/upload/c_limit,dpr_auto,f_auto,q_auto,w_auto/content/zn3grmvziincih1ftcln"
2018-01-07T12:41:57-05:00,,COATS,Lapasa Men's Full Zip Polar Fleece Jacket,https://www.dealnews.com/Lapasa-Mens-Full-Zip-Polar-Fleece-Jacket-from-16-free-shipping-w-Prime/2173373.html,2173373,"ASAS.USA via Amazon offers the <a target=""_blank"" data-iref=""fp-content-wide-body"" href=""https://www.dealnews.com/lw/click.html?20,2,2173373"">Lapasa Men's Full Zip Polar Fleece Jacket</a> in Blue or Grey for $19.99. Coupon code ""A9FRLDRG"" cuts that price to <strong>$15.99</strong>. With <strong>free shipping</strong> for Prime members, that's $2 under last month's mention, $15 off list, and the lowest price we could find. It's available in sizes S and XXL only. Deal ends January 31.<br>
<br>
Note: It's available in a <a target=""_blank"" data-iref=""fp-content-wide-body"" href=""https://www.dealnews.com/lw/click.html?20,2,17099162,2173373"">wider selection</a> of sizes and colors for <strong>$20.79</strong> via the same code as above.",free shipping w/ Prime,,3,from $16,"https://cdlnws.a.ssl.fastly.net/image/upload/c_limit,dpr_auto,f_auto,q_auto,w_auto/content/gn4ciazslqdpvtfb1bfm"
,,KITCHEN,Soufull Stainless Steel Poultry Scissors,https://www.dealnews.com/Soufull-Stainless-Steel-Poultry-Scissors-for-9-free-shipping-w-Prime/2172605.html,2172605,"yichengjin via Amazon offers the <a target=""_blank"" data-iref=""fp-content-wide-body"" href=""https://www.dealnews.com/lw/click.html?20,2,2172605"">Soufull Multi-Functional Stainless Steel Scissors</a> for $12.88. Coupon code ""black855"" cuts that to <strong>$8.55</strong>. Plus, Prime members bag <strong>free shipping</strong>. Deal ends January 31.",free shipping w/ Prime,2018-01-07T00:01:00-05:00,,$9,"https://cdlnws.a.ssl.fastly.net/image/upload/c_limit,dpr_auto,f_auto,q_auto,w_auto/content/stvamjek2izwihfqpmnd"
2018-01-07T12:50:33-05:00,,PERSONAL CARE,Tseoa 12-Piece Manicure Set,https://www.dealnews.com/Tseoa-12-Piece-Manicure-Set-for-5-free-shipping-w-Prime/2173370.html,2173370,"Tseoa Direct via Amazon offers Prime members its <a target=""_blank"" data-iref=""fp-content-wide-body"" href=""https://www.dealnews.com/lw/click.html?20,2,2173370"">Tseoa 12-Piece Manicure Set</a> for <strong>$5.45</strong> with <b>free shipping</b>. That's tied with our October mention as the lowest price we've seen. (It's the best today by $2.) The set includes cuticle nippers, nail clippers, nail scissors, and ear pick. Deal ends February 15.",free shipping w/ Prime,,4,$5,"https://cdlnws.a.ssl.fastly.net/image/upload/c_limit,dpr_auto,f_auto,q_auto,w_auto/content/scd3autjy1jjid3stgmu"
2018-01-07T12:38:30-05:00,,ACTIVEWEAR,Lapasa Women's Yoga Pants,https://www.dealnews.com/Lapasa-Womens-Yoga-Pants-for-7-free-shipping-w-Prime/2173376.html,2173376,"ASAS.USA via Amazon offers the <a target=""_blank"" data-iref=""fp-content-wide-body"" href=""https://www.dealnews.com/lw/click.html?20,2,2173376"">Lapasa Women's Yoga Pants</a> in Jade for $9.99. Coupon code ""Q7ZKBORN"" cuts it to <strong>$7.49</strong>. With <strong>free shipping</strong> for Prime members, that's $3 off list and the lowest price we could find. They're available in sizes M to XL. Deal ends January 31.<br>
<br>
Note: They're available in a <a target=""_blank"" data-iref=""fp-content-wide-body"" href=""https://www.dealnews.com/lw/click.html?20,2,17099165,2173376"">wider selection</a> of sizes and colors for <strong>$14.99</strong> via the same code as above.",free shipping w/ Prime,,3,$7,"https://cdlnws.a.ssl.fastly.net/image/upload/c_limit,dpr_auto,f_auto,q_auto,w_auto/content/malbpw0qxwmi0axzykpc"
2018-01-07T13:00:24-05:00,,JEWELRY,Austrian Crystal Tennis Bracelet 5-Pack,https://www.dealnews.com/Austrian-Crystal-Tennis-Bracelet-5-Pack-for-10-free-shipping/2173391.html,2173391,"Win Pearl offers this <a target=""_blank"" data-iref=""fp-content-wide-body"" href=""https://www.dealnews.com/lw/click.html?20,2,2173391"">Austrian Crystal Tennis Bracelet 5-Pack</a> for $46.99. Coupon code ""dealnews78"" cuts that to <strong>$10.34</strong>. With <strong>free shipping</strong>, that's $4 under our November mention, $40 off, and the lowest price we could find. It includes five different styles. Deal ends January 10.",free shipping,,3,$10,"https://cdlnws.a.ssl.fastly.net/image/upload/c_limit,dpr_auto,f_auto,q_auto,w_auto/content/aowuhrncprnejpdhuqqi"
2018-01-07T12:56:11-05:00,,TOOLS & HARDWARE,Kitclan Magnet Wristband,https://www.dealnews.com/Kitclan-Magnet-Wristband-for-9-free-shipping-w-Prime/2173385.html,2173385,"Kitclan via Amazon offers the <a target=""_blank"" data-iref=""fp-content-wide-body"" href=""https://www.dealnews.com/lw/click.html?20,2,2173385"">Kitclan Magnet Wristband</a> for $12.99. Coupon code ""LVX6HH39"" cuts it to <strong>$8.70</strong>. With <strong>free shipping</strong> for Prime members, that's $4 off list and the lowest price we could find. It features an adjustable velcro strap, 1,680-denier ballistic polyester construction, and five powerful magnets. Deal ends January 9.",free shipping w/ Prime,,3,$9,"https://cdlnws.a.ssl.fastly.net/image/upload/c_limit,dpr_auto,f_auto,q_auto,w_auto/content/uxoi76moaf0lbizoh1d9"
2018-01-07T12:50:16-05:00,,TOOLS & HARDWARE,Tacklife Stainless Steel Digital Caliper,https://www.dealnews.com/Tacklife-Stainless-Steel-Digital-Caliper-for-13-free-shipping-w-Prime/2173379.html,2173379,"Tacklife Direct via Amazon offers Prime members the <a target=""_blank"" data-iref=""fp-content-wide-body"" href=""https://www.dealnews.com/lw/click.html?20,2,2173379"">Tacklife Stainless Steel Digital Caliper</a> for $17.97. Coupon code ""64GTMDPV"" cuts it to <strong>$12.58</strong>. With <strong>free shipping</strong> for Prime members, that's $4 under our mention from last November and the lowest price we could find by $16. It features three measuring modes and an LCD screen. Deal ends January 10.",free shipping w/ Prime,,3,$13,"https://cdlnws.a.ssl.fastly.net/image/upload/c_limit,dpr_auto,f_auto,q_auto,w_auto/content/x7wdqlaleqgpfunrue2e"
2018-01-07T12:49:23-05:00,,TOOLS & HARDWARE,Tacklife EM02 Classic Power Meter,https://www.dealnews.com/Tacklife-EM02-Classic-Power-Meter-for-15-free-shipping-w-Prime/2173382.html,2173382,"Tacklife via Amazon offers its <a target=""_blank"" data-iref=""fp-content-wide-body"" href=""https://www.dealnews.com/lw/click.html?20,2,2173382"">Tacklife EM02 Classic Power Meter</a> for $19.97. Coupon code ""XML7D4EH"" cuts it to <strong>$14.78</strong>. With <strong>free shipping</strong> for Prime members, that's a buck under our mention from last September and the lowest price we could find today by $10. It features an LCD display, four controlling buttons, overload protection, and data hold. Deal ends January 10.",free shipping w/ Prime,,4,$15,"https://cdlnws.a.ssl.fastly.net/image/upload/c_limit,dpr_auto,f_auto,q_auto,w_auto/content/vnsuuncf2hgmkvsidqp5"
2018-01-07T12:48:09-05:00,True,KNIVES & MULTITOOLS,Tacklife 12-in-1 Stainless Steel Multi-Pliers,https://www.dealnews.com/Tacklife-12-in-1-Stainless-Steel-Multi-Pliers-for-6-free-shipping-w-Prime/2173388.html,2173388,"TacklifeDirect via Amazon offers Prime members its <a target=""_blank"" data-iref=""fp-content-wide-body"" href=""https://www.dealnews.com/lw/click.html?20,2,2173388"">Tacklife Advanced 12-in-1 Stainless Steel Multi-Pliers</a> in All Metal for <b>$5.97</b> with <strong>free shipping</strong>. That's $3 under our mention from three days ago, $22 off list, and the lowest price we've seen. It includes a carrying case.",free shipping w/ Prime,,4,$6,"https://cdlnws.a.ssl.fastly.net/image/upload/c_limit,dpr_auto,f_auto,q_auto,w_auto/content/eb3crqomzovj7yqgztkg"
2018-01-07T12:55:24-05:00,,BABIES & KIDS ITEMS,Dr. Meter Soft Baby Proof Corner Guard 24pk,https://www.dealnews.com/Dr.-Meter-Soft-Baby-Proof-Corner-Guard-24-pk-for-6-free-shipping-w-Prime/2173367.html,2173367,"Thousand Shore Inc. via Amazon offers the <a target=""_blank"" data-iref=""fp-content-wide-body"" href=""https://www.dealnews.com/lw/click.html?20,2,2173367"">Dr. Meter Soft Baby Proofing Corner Guards 24-Pack</a> for $10.99. Coupon code ""BDB8MBVX"" cuts it to <strong>$6</strong>. With <strong>free shipping</strong> for Prime members, that's $5 off list and the lowest price we could find. It includes 12 L-shaped corner guards and 12 ball-shaped corner guards. Deal ends January 12.",free shipping w/ Prime,,3,$6,"https://cdlnws.a.ssl.fastly.net/image/upload/c_limit,dpr_auto,f_auto,q_auto,w_auto/content/ah52s9gxvvwwgqnpxdpg"
2018-01-07T12:47:34-05:00,True,MAGAZINES,Harper's Bazaar 1-Year Subscription,https://www.dealnews.com/Harpers-Bazaar-1-Year-Subscription-10-issues-for-free/2173364.html,2173364,"Mercury Magazines offers a <a target=""_blank"" data-iref=""fp-content-wide-body"" href=""https://www.dealnews.com/lw/click.html?20,2,2173364"">Harper's Bazaar 1-Year Subscription</a> (10 issues) for <strong>free</strong> when you fill out a <a target=""_blank"" data-iref=""fp-content-wide-body"" href=""https://www.dealnews.com/lw/click.html?20,2,17099159,2173364"">short form</a>. That's tied with our September mention and the lowest price we could find by $15 today.",,,3,10 issues for free,"https://cdlnws.a.ssl.fastly.net/image/upload/c_limit,dpr_auto,f_auto,q_auto,w_auto/content/iecywupno3btezp2q2yc"
,,CREDIT CARDS,Chase Sapphire Preferred® Card,"https://www.dealnews.com/lw/click.html?20,2,2171954",2171954,"Sign up for the <a target=""_blank"" data-iref=""fp-content-wide-body"" href=""https://www.dealnews.com/lw/click.html?20,2,2171954"">Chase Sapphire Preferred® Credit Card</a> and earn <strong>50,000 bonus points</strong> after you spend <a target=""_blank"" data-iref=""fp-content-wide-body"" href=""https://www.dealnews.com/lw/click.html?20,2,17096825,2171954"">$4,000 or more</a> on purchases in the first three months from account opening – that's $625 toward travel when you redeem through Chase Ultimate Rewards®. Plus, earn <strong>5,000 bonus points</strong> after you add the first authorized user and make a purchase in the first three months from account opening. Also, earn <strong>2 points</strong> for every $1 spent on travel and dining at restaurants both in the U.S. and abroad, and <strong>1 point</strong> for every $1 spent on all other purchases. There's a <strong>$0 Intro Annual Fee</strong> for the first year, then $95 for each additional year, and <strong>no foreign transaction fees</strong> on purchases made outside the United States. For more terms and conditions, <a target=""_blank"" data-iref=""fp-content-wide-body"" href=""https://www.dealnews.com/lw/click.html?20,2,17096828,2171954"">click here</a>.<br>
<br>
This card — and several more — can be found on our <a target=""_blank"" data-iref=""fp-content-wide-body"" href=""http://dealnews.com/credit-cards/s1642/Chase/"">Chase Credit Card page</a>.        <div class=""article-disclaimer"">
            <p class=""article-disclaimer-text"">
                <a href=""#"" class=""article-disclaimer-link info"" data-panel=""article_disclaimer-dialog"" data-dialog_text=""DealNews has financial relationships with the credit card issuers mentioned on our site, and DealNews receives compensation if consumers choose to apply for these by clicking links in our content and ultimately sign up for these specific cards. This compensation has no impact or influence on where or how the cards appears on dealnews.com. DealNews does not include all card companies or all card offers available in the marketplace.&lt;br&gt;&lt;br&gt;
&lt;bold&gt;UGC Disclosure&lt;/bold&gt;&lt;br&gt;
&lt;br&gt;
These responses are not provided or commissioned by the bank advertiser. Responses have not been reviewed, approved or otherwise endorsed by the bank advertiser. It is not the bank advertiser's responsibility to ensure all posts and/or questions are answered.
&lt;bold&gt;Bank Disclaimer&lt;/bold&gt;&lt;br&gt;
&lt;br&gt;
This content is not provided or commissioned by the Bank Advertiser. Opinions expressed here are author's alone, not those of the Bank Advertiser, and have not been reviewed, approved or otherwise endorsed by the Bank Advertiser. This site may be compensated through the Bank Advertiser Affiliate Program."" data-dialog_title=""Advertiser Disclosure"">Advertiser Disclosure</a>
            </p>
        </div>",,2018-01-04T14:27:34-05:00,,"50,000 bonus points","https://cdlnws.a.ssl.fastly.net/image/upload/c_limit,dpr_auto,f_auto,q_auto,w_auto/content/d8ppsk9jlwz1siyg70ap"
2018-01-07T12:56:57-05:00,,PC GAMES,Rocket League for PC,https://www.dealnews.com/Rocket-League-for-PC-for-8/2173361.html,2173361,"CDKeys offers Steam downloads of <a target=""_blank"" data-iref=""fp-content-wide-body"" href=""https://www.dealnews.com/lw/click.html?20,2,2173361"">Rocket League for Windows</a> for <strong>$7.89</strong>. That's the best price we could find for this soccer-meets-driving game by $8, although it was pennies less two weeks ago.<br>
<br>
Note: New customers can provide an email address on the <a target=""_blank"" data-iref=""fp-content-wide-body"" href=""https://www.dealnews.com/lw/click.html?20,2,17099156,2173361"">CDKeys Facebook page</a> to get a unique coupon code that cuts an extra 5% off.",,,2,$8,"https://cdlnws.a.ssl.fastly.net/image/upload/c_limit,dpr_auto,f_auto,q_auto,w_auto/content/r7hqvdsmyhyxvz1cfwsd"
2018-01-07T12:46:53-05:00,True,HEATERS,"Electric Fireplace with 44"" Mantle",https://www.dealnews.com/Electric-Fireplace-with-44-Mantle-for-117-pickup-at-Walmart/2173358.html,2173358,"Walmart offers this <a target=""_blank"" data-iref=""fp-content-wide-body"" href=""https://www.dealnews.com/lw/click.html?20,2,2173358"">Electric Fireplace with 44"" Mantle</a> in Black for $119. Opt for in-store <strong>pickup</strong> to drop it to <b>$116.91</b>. (You can also opt for free shipping if you aren't interested in the pickup discount.) That's $10 under our mention from a week ago, $64 off list, and the lowest price we've seen. This 3,750-BTU fireplace is designed to heat rooms up to 325 square feet.",pickup at Walmart,,3,$117,"https://cdlnws.a.ssl.fastly.net/image/upload/c_limit,dpr_auto,f_auto,q_auto,w_auto/content/zqd6ynhq0oavkswgccml"
2018-01-07T12:46:40-05:00,True,CAMPING & OUTDOORS,LifeStraw Mission Water Purification System,https://www.dealnews.com/Life-Straw-Mission-Water-Purification-System-for-75-w-Prime-free-shipping/2173346.html,2173346,"Exclusively for Prime members, Amazon offers the <a target=""_blank"" data-iref=""fp-content-wide-body"" href=""https://www.dealnews.com/lw/click.html?20,2,2173346"">LifeStraw Mission Water Purification System</a> for <strong>$74.99</strong> with <strong>free shipping</strong>. That's the lowest price we could find by $55. This BPA-free device enables you to safely drink contaminated water. It purports to remove almost 100% of waterborne bacteria and protozoan parasites and will filter up to 18,000 liters of water.",free shipping,,3,$75 w/Prime,"https://cdlnws.a.ssl.fastly.net/image/upload/c_limit,dpr_auto,f_auto,q_auto,w_auto/content/fmoaln8sc5kj5luqtj89"
2018-01-07T12:46:31-05:00,True,SMALL APPLIANCES,Breville Juice Fountain Plus Juice Extractor,https://www.dealnews.com/Breville-Juice-Fountain-Plus-Juice-Extractor-for-90-free-shipping/2173343.html,2173343,"Bloomingdale's offers the <a target=""_blank"" data-iref=""fp-content-wide-body"" href=""https://www.dealnews.com/lw/click.html?20,2,2173343"">Breville Juice Fountain Plus 850-watt Juice Extractor</a> for <strong>$89.99</strong>. Plus, Loyallist members bag <strong>free shipping</strong>. (Not a member? It's free to <a target=""_blank"" data-iref=""fp-content-wide-body"" href=""https://www.dealnews.com/lw/click.html?20,2,17099138,2173343"">join</a>.) That's the lowest price we could find by $12. It features an 850-watt dual-speed motor, stainless-steel cutting disc, safety locking, and dishwasher-safe parts.",free shipping,,3,$90,"https://cdlnws.a.ssl.fastly.net/image/upload/c_limit,dpr_auto,f_auto,q_auto,w_auto/content/mwlttt7mvan0fz2iyiwo"
2018-01-07T12:44:38-05:00,,SWEATSHIRTS & HOODIES,Nike Men's Therma Fit KO Crew Shirt,https://www.dealnews.com/Nike-Mens-Therma-Fit-KO-Crew-Shirt-for-20-free-shipping/2173316.html,2173316,"Proozy offers the <a target=""_blank"" data-iref=""fp-content-wide-body"" href=""https://www.dealnews.com/lw/click.html?20,2,2173316"">Nike Men's Therma Fit KO Crew Shirt</a> in several colors (Black pictured) for <strong>$19.99</strong> with <strong>free shipping</strong>. That's $35 off and the lowest price we could find. It's available in sizes <del>XS to 3XL</del> L to XXL.",free shipping,,5,$20,"https://cdlnws.a.ssl.fastly.net/image/upload/c_limit,dpr_auto,f_auto,q_auto,w_auto/content/e6rkfcx7ntkd5lim4vij"
2018-01-07T12:44:02-05:00,,ACCESSORIES,Alpine Swiss Men's Leather Zip Around Wallet,https://www.dealnews.com/Alpine-Swiss-Mens-Leather-Zip-Around-Wallet-for-13-free-shipping-w-Prime/2173262.html,2173262,"Alpine Swiss Store via Amazon offers the <a target=""_blank"" data-iref=""fp-content-wide-body"" href=""https://www.dealnews.com/lw/click.html?20,2,2173262"">Alpine Swiss Men's Leather Zip Around Wallet</a> in several colors (Antique Brown pictured) for <strong>$12.74</strong> with <strong>free shipping</strong>. That's the lowest price we could find by $2. It features a zipper closure, card case, and two separate bill compartments.",free shipping w/ Prime,,5,$13,"https://cdlnws.a.ssl.fastly.net/image/upload/c_limit,dpr_auto,f_auto,q_auto,w_auto/content/az6txmeyrkibi9kc9rse"
,,MORNING JOLT,Top 5 Deals You Need to Know This Morning: A Dyson at Its Lowest Price,https://www.dealnews.com/features/morning-jolt/,2172479,"Today you can make the idea of vacuuming a little more bearable by saving big on a Dyson. Check out this offer and more in our roundup of the top five <a data-iref=""fp-feature-content-wide-body"" href=""https://www.dealnews.com/features/morning-jolt/"">Editors' Choice deals</a> we found last night and this morning.",,2018-01-05T08:57:39-05:00,,,"https://cdlnws.a.ssl.fastly.net/image/upload/c_limit,dpr_auto,f_auto,q_auto,w_auto/content/eydnkwj9d9743wiygij5"
,,CONSUMER NEWS,"Oops! Apple Messed Up, But You Can Get a MUCH Cheaper Battery Out Of It",https://www.dealnews.com/features/Oops-Apple-Messed-Up-But-You-Can-Get-a-MUCH-Cheaper-Battery-Out-Of-It/2168330.html,2168330,"Recently it came to light that Apple has been slowing down batteries on older iPhones. Not surprisingly, users were unhappy with this news. But now, <a data-iref=""fp-feature-content-wide-body"" href=""https://www.dealnews.com/features/Oops-Apple-Messed-Up-But-You-Can-Get-a-MUCH-Cheaper-Battery-Out-Of-It/2168330.html"">Apple is trying to make things right</a> and regain their customers' trust.",,2018-01-04T08:00:01-05:00,,,"https://cdlnws.a.ssl.fastly.net/image/upload/c_limit,dpr_auto,f_auto,q_auto,w_auto/content/rieekggkcdqqy9agpg6y"
,,BUYING GUIDES,8 Smart Ways to Save on Exercise Equipment,https://www.dealnews.com/features/Smart-Ways-to-Save-on-Exercise-Equipment/2167652.html,2167652,"If your goal is to tone up and slim down this year, there are several ways to get the fitness equipment you need without breaking the bank. Check out our <a data-iref=""fp-feature-content-wide-body"" href=""https://www.dealnews.com/features/Smart-Ways-to-Save-on-Exercise-Equipment/2167652.html"">tips to help you save on exercise equipment</a>, so you can stick to that resolution and get in shape.",,2018-01-03T08:00:01-05:00,,,"https://cdlnws.a.ssl.fastly.net/image/upload/c_limit,dpr_auto,f_auto,q_auto,w_auto/content/wzmnqilohazg7aox514i"
,,FINANCIAL SERVICES,Liberty Mutual Auto Insurance,"https://www.dealnews.com/lw/click.html?20,2,2173256",2173256,"<a target=""_blank"" data-iref=""fp-content-wide-body"" href=""https://www.dealnews.com/lw/click.html?20,2,2173256"">Liberty Mutual</a> offers discounted rates on policies for teen drivers. You may qualify for rate reductions if your teen is:
<ul>
 <li>Under the age of 21 and completes a qualifying driver training program
 </li>
 <li>living at a school more than 100 miles from your home and occasionally drives your vehicle
 </li>
 <li>under the age of 25, who achieve at least a B (3.0) average
 </li>
</ul>",,2018-01-07T00:01:00-05:00,,Teen Discounts,"https://cdlnws.a.ssl.fastly.net/image/upload/c_limit,dpr_auto,f_auto,q_auto,w_auto/content/aq1sckhgbtxvj4gqbcxp"
,,WHAT TO BUY IN JANUARY,8 Things to Buy in January (and 3 Things to Wait On),https://www.dealnews.com/features/what-to-buy-in-january/,2165831,"Ready or not, 2018 is here! That means we're done with the holiday sales and on to the post-holiday sales. While you won't find everything on sale in January, some items are real bargains this time of year — like <a data-iref=""fp-feature-content-wide-body"" href=""https://www.dealnews.com/features/what-to-buy-in-january/"">gym memberships, bedding, and hotel stays</a>.",,2018-01-01T08:00:01-05:00,,,"https://cdlnws.a.ssl.fastly.net/image/upload/c_limit,dpr_auto,f_auto,q_auto,w_auto/content/t2k4tzslohptmwxtpidu"
,,CREDIT CARDS,Southwest Rapid Rewards® Plus Credit Card,"https://www.dealnews.com/lw/click.html?20,2,2173211",2173211,"Sign up for a <a target=""_blank"" data-iref=""fp-content-wide-body"" href=""https://www.dealnews.com/lw/click.html?20,2,2173211"">Southwest Rapid Rewards® Plus Credit Card from Chase</a> and earn <strong>40,000 points</strong> after you spend <a target=""_blank"" data-iref=""fp-content-wide-body"" href=""https://www.dealnews.com/lw/click.html?20,2,17099024,2173211"">$1,000 or more</a> in the first three months your account is open. You'll also earn <strong>3,000 bonus points</strong> after your Cardmember anniversary. Plus, earn unlimited points that don't expire as long as your card account is open. Cardmembers earn 2 points per $1 spent on Southwest® purchases and Rapid Rewards® Hotel and Car Rental Partner purchases, and 1 point per $1 spent on all other purchases. There are no blackout dates or seat restrictions when you redeem with points. Finally, bags fly free® and there are no change fees. A $69 annual fee applies.<br>
<br>
This card — and several more — can be found on our <a target=""_blank"" data-iref=""fp-content-wide-body"" href=""http://dealnews.com/credit-cards/s1642/Chase/"">Chase Credit Card page</a>.        <div class=""article-disclaimer"">
            <p class=""article-disclaimer-text"">
                <a href=""#"" class=""article-disclaimer-link info"" data-panel=""article_disclaimer-dialog"" data-dialog_text=""DealNews has financial relationships with the credit card issuers mentioned on our site, and DealNews receives compensation if consumers choose to apply for these by clicking links in our content and ultimately sign up for these specific cards. This compensation has no impact or influence on where or how the cards appears on dealnews.com. DealNews does not include all card companies or all card offers available in the marketplace.&lt;br&gt;&lt;br&gt;
&lt;bold&gt;UGC Disclosure&lt;/bold&gt;&lt;br&gt;
&lt;br&gt;
These responses are not provided or commissioned by the bank advertiser. Responses have not been reviewed, approved or otherwise endorsed by the bank advertiser. It is not the bank advertiser's responsibility to ensure all posts and/or questions are answered.
&lt;bold&gt;Bank Disclaimer&lt;/bold&gt;&lt;br&gt;
&lt;br&gt;
This content is not provided or commissioned by the Bank Advertiser. Opinions expressed here are author's alone, not those of the Bank Advertiser, and have not been reviewed, approved or otherwise endorsed by the Bank Advertiser. This site may be compensated through the Bank Advertiser Affiliate Program."" data-dialog_title=""Advertiser Disclosure"">Advertiser Disclosure</a>
            </p>
        </div>",,2018-01-06T11:44:21-05:00,,"40,000 points","https://cdlnws.a.ssl.fastly.net/image/upload/c_limit,dpr_auto,f_auto,q_auto,w_auto/content/bdvpkwrdh3pw8ey7wvmq"
,,CREDIT CARDS,Barclaycard Arrival Plus™ MasterCard®,"https://www.dealnews.com/lw/click.html?20,2,2173265",2173265,"Sign up for the <a target=""_blank"" data-iref=""fp-content-wide-body"" href=""https://www.dealnews.com/lw/click.html?20,2,2173265"">Barclaycard Arrival Plus™ World MasterCard®</a> and earn <strong>40,000 Bonus Miles</strong> when you spend <a target=""_blank"" data-iref=""fp-content-wide-body"" href=""https://www.dealnews.com/lw/click.html?20,2,17099078,2173265"">$3,000 or more</a> on purchases in the first 90 days. (That equates to $400 off your next trip.) Plus, you <strong>earn 2 miles</strong> on all purchases and <strong>get 5% miles back</strong> every time you redeem for travel statement credits. Also, you'll get a <strong>0% introductory APR</strong> for 12 months on Balance Transfers made within 45 days of account opening. After that, a variable APR will apply, 17.24%, 21.24% or 24.24%, based on your creditworthiness. Please note, there is a fee for balance transfers. There's an $89 annual fee, <strong>waived for the first year</strong>, and <strong>no foreign transaction fees</strong>. For more terms and conditions, <a target=""_blank"" data-iref=""fp-content-wide-body"" href=""https://www.dealnews.com/lw/click.html?20,2,17099081,2173265"">click here</a>.<br>
<br>
This card — and several more — can be found on our <a target=""_blank"" data-iref=""fp-content-wide-body"" href=""http://dealnews.com/credit-cards/s39843/Barclay-Card/"">Barclaycard Credit Card page</a>.        <div class=""article-disclaimer"">
            <p class=""article-disclaimer-text"">
                <a href=""#"" class=""article-disclaimer-link info"" data-panel=""article_disclaimer-dialog"" data-dialog_text=""DealNews has financial relationships with the credit card issuers mentioned on our site, and DealNews receives compensation if consumers choose to apply for these by clicking links in our content and ultimately sign up for these specific cards. This compensation has no impact or influence on where or how the cards appears on dealnews.com. DealNews does not include all card companies or all card offers available in the marketplace.&lt;br&gt;&lt;br&gt;
&lt;bold&gt;UGC Disclosure&lt;/bold&gt;&lt;br&gt;
&lt;br&gt;
These responses are not provided or commissioned by the bank advertiser. Responses have not been reviewed, approved or otherwise endorsed by the bank advertiser. It is not the bank advertiser's responsibility to ensure all posts and/or questions are answered.
&lt;bold&gt;Bank Disclaimer&lt;/bold&gt;&lt;br&gt;
&lt;br&gt;
This content is not provided or commissioned by the Bank Advertiser. Opinions expressed here are author's alone, not those of the Bank Advertiser, and have not been reviewed, approved or otherwise endorsed by the Bank Advertiser. This site may be compensated through the Bank Advertiser Affiliate Program."" data-dialog_title=""Advertiser Disclosure"">Advertiser Disclosure</a>
            </p>
        </div>",,2018-01-06T12:47:04-05:00,,"40,000 Bonus Miles","https://cdlnws.a.ssl.fastly.net/image/upload/c_limit,dpr_auto,f_auto,q_auto,w_auto/content/ikii5iblmaajfhttb78y"
