price,picture_url,time_modified,uuid,description,editors_choice,url,title,time_published,hotness,shipping,category
$43,"https://cdlnws.a.ssl.fastly.net/image/upload/c_limit,dpr_auto,f_auto,q_auto,w_auto/content/ai4qpx8x12w28vyi2uss",,2169230,"Amazon offers <a target=""_blank"" data-iref=""fp-content-wide-body"" href=""https://www.dealnews.com/lw/click.html?20,2,2169230"">Fire Emblem Warriors for Nintendo Switch</a> for <strong>$42.52</strong> with <strong>free shipping</strong>. That's $5 under our preorder mention from August and the lowest price we could find today by $16.",,https://www.dealnews.com/Fire-Emblem-Warriors-for-Nintendo-Switch-43-free-shipping/2169230.html,Fire Emblem Warriors for Nintendo Switch,2017-12-31T17:25:00-05:00,4,free shipping,GAMES
$43,"https://cdlnws.a.ssl.fastly.net/image/upload/c_limit,dpr_auto,f_auto,q_auto,w_auto/content/knncbhuqv78d6675zifx",,2169233,"Amazon offers the <a target=""_blank"" data-iref=""fp-content-wide-body"" href=""https://www.dealnews.com/lw/click.html?20,2,2169233"">The Bourne Ultimate Collection on Blu-ray 4K</a> for <b>$43.49</b> with <b>free shipping</b>. That's the lowest price we could find by $27. It includes all five films plus special features and commentary.",,https://www.dealnews.com/The-Bourne-Ultimate-Collection-on-Blu-ray-4-K-for-43-free-shipping/2169233.html,The Bourne Ultimate Collection on Blu-ray 4K,2017-12-31T17:15:00-05:00,3,free shipping,BLU-RAY DISC MOVIES
$10,"https://cdlnws.a.ssl.fastly.net/image/upload/c_limit,dpr_auto,f_auto,q_auto,w_auto/content/mbvpintrcayxzoehspeo",,2169236,"Amazon offers Prime members the <a target=""_blank"" data-iref=""fp-content-wide-body"" href=""https://www.dealnews.com/lw/click.html?20,2,2169236"">Mattel Fast &amp; Furious Elite Diecast Vehicles 8-Pack</a> for <b>$9.94</b> with <strong>free shipping</strong>. That's $2 under our mention from four days ago and the lowest price we could find now by $13. They feature authentic auto decos from the movie.",True,https://www.dealnews.com/Fast-Furious-Elite-Diecast-Vehicles-8-Pack-for-10-free-shipping-w-Prime/2169236.html,Fast & Furious Elite Diecast Vehicles 8-Pack,2017-12-31T17:10:38-05:00,4,free shipping w/ Prime,TOYS & HOBBIES
$27,"https://cdlnws.a.ssl.fastly.net/image/upload/c_limit,dpr_auto,f_auto,q_auto,w_auto/content/qinnfufikmkath5nylip",,2169227,"Amazon offers the <a target=""_blank"" data-iref=""fp-content-wide-body"" href=""https://www.dealnews.com/lw/click.html?20,2,2169227"">Keurig Krispy Kreme Doughnuts Single-Serve K-Cup Pods 72-Pack</a> for <b>$27.11</b> via the steps below. That's the lowest price we could find by $15, although we saw it for $9 less in July. To get this deal:
<ol>
 <li>View the <a target=""_blank"" data-iref=""fp-content-wide-body"" href=""https://www.dealnews.com/lw/click.html?20,2,2169227"">Keurig Krispy Kreme Doughnuts Single-Serve K-Cup Pods 72-Pack</a> for $36.15
 </li>
 <li>clip the 20% off coupon on the product page
 </li>
 <li>order via Subscribe &amp; Save to yield a final total of <b>$27.11</b> and bag <b>free shipping</b>
 </li>
</ol>
Be sure to cancel Subscribe & Save after your order ships to avoid being charged for subsequent orders.",,https://www.dealnews.com/Keurig-Krispy-Kreme-Doughnuts-K-Cup-72-Pack-for-27-free-shipping/2169227.html,Keurig Krispy Kreme Doughnuts K-Cup 72-Pack,2017-12-31T17:05:00-05:00,4,free shipping,COFFEE
$300,"https://cdlnws.a.ssl.fastly.net/image/upload/c_limit,dpr_auto,f_auto,q_auto,w_auto/content/sbimbniikr6jms6tcylf",,2169218,"B&H Photo Video offers the <a target=""_blank"" data-iref=""fp-content-wide-body"" href=""https://www.dealnews.com/lw/click.html?20,2,2169218"">Samsung 42.5"" 1080p LED-Backlit LCD HD Smart Television</a>, model no. UN43M5300AFXZA, for <strong>$299.95</strong> with <strong>free shipping</strong>. That's the lowest price we could find by $48. It features a native resolution of 1920x1080 (1080p), Smart Hub (with access to Netflix, Amazon Instant Video, Hulu, etc.), and two HDMI inputs.",,https://www.dealnews.com/Samsung-43-1080-p-LED-LCD-HD-Smart-TV-for-300-free-shipping/2169218.html,"Samsung 43"" 1080p LED LCD HD Smart TV",2017-12-31T16:55:00-05:00,3,free shipping,TVS
$37,"https://cdlnws.a.ssl.fastly.net/image/upload/c_limit,dpr_auto,f_auto,q_auto,w_auto/content/goamcs2zsybnxuue8lo6",,2169209,"Amazon offers <a target=""_blank"" data-iref=""fp-content-wide-body"" href=""https://www.dealnews.com/lw/click.html?20,2,2169209"">The Office: The Complete Series on DVD</a> for <strong>$36.99</strong> with <strong>free shipping</strong>. That's the lowest price we could find by $13 and the second-best deal we've seen for this set. (It was a buck less in October.) This set includes all 201 episodes.",,https://www.dealnews.com/The-Office-The-Complete-Series-on-DVD-for-37-free-shipping/2169209.html,The Office: The Complete Series on DVD,2017-12-31T16:44:00-05:00,3,free shipping,DVD MOVIES
$229,"https://cdlnws.a.ssl.fastly.net/image/upload/c_limit,dpr_auto,f_auto,q_auto,w_auto/content/wczzfcroeujqddtfd7jd",,2169194,"Amazon offers the <a target=""_blank"" data-iref=""fp-content-wide-body"" href=""https://www.dealnews.com/lw/click.html?20,2,2169194"">DeLonghi Nespresso Lattissima Plus Espresso Maker</a> in Red for <strong>$229</strong> with <strong>free shipping</strong>. That's the lowest price we could find by $51. It features a single-touch hot milk system, ""clean"" button for easy maintenance, automatic capsule ejection after brewing, and sliding drip tray.",,https://www.dealnews.com/De-Longhi-Nespresso-Lattissima-Plus-Machine-for-229-free-shipping/2169194.html,DeLonghi Nespresso Lattissima Plus Machine,2017-12-31T16:35:00-05:00,3,free shipping,SMALL APPLIANCES
$10,"https://cdlnws.a.ssl.fastly.net/image/upload/c_limit,dpr_auto,f_auto,q_auto,w_auto/content/aebrqohfdmglkhu4akjy",,2169206,"Amazon offers its <a target=""_blank"" data-iref=""fp-content-wide-body"" href=""https://www.dealnews.com/lw/click.html?20,2,2169206"">AmazonBasics Cotton Washcloth 24-Pack</a> in White for <b>$9.99</b>. Plus, Amazon Prime members bag <b>free shipping</b>. That's $4 off list and the lowest price we could find. Each towel measures 12"" x 12"".",,https://www.dealnews.com/Amazon-Basics-Cotton-Washcloth-24-Pack-for-10-free-shipping-w-Prime/2169206.html,AmazonBasics Cotton Washcloth 24-Pack,2017-12-31T16:25:00-05:00,4,free shipping w/ Prime,TOWELS
$3,"https://cdlnws.a.ssl.fastly.net/image/upload/c_limit,dpr_auto,f_auto,q_auto,w_auto/content/xrjkibv3oqybjlhtdw2r",,2169191,"Walmart offers the <a target=""_blank"" data-iref=""fp-content-wide-body"" href=""https://www.dealnews.com/lw/click.html?20,2,2169191"">Hawthorne Place Cabinet Knob 10-Pack</a> in Chrome/White for <b>$2.90</b>. Choose in-store <b>pickup</b> to avoid the $5.99 shipping charge. That's $10 off list and the lowest price we could find.",,https://www.dealnews.com/Hawthorne-Place-Cabinet-Knob-10-Pack-for-3-pickup-at-Walmart/2169191.html,Hawthorne Place Cabinet Knob 10-Pack,2017-12-31T16:10:00-05:00,4,pickup at Walmart,HOME IMPROVEMENT
$200 Cash Rewards Bonus,"https://cdlnws.a.ssl.fastly.net/image/upload/c_limit,dpr_auto,f_auto,q_auto,w_auto/content/ttmjwoteco6cqmdv7rzz",,2168609,"At Wells Fargo, apply for the <a target=""_blank"" data-iref=""fp-content-wide-body"" href=""https://www.dealnews.com/lw/click.html?20,2,2168609"">Wells Fargo Cash Wise Visa® Card</a> and receive a <strong>$200 Cash Rewards Bonus</strong> after you spend at least $1,000 on purchases in the first 3 months of account opening. Plus, you'll earn <strong>unlimited 1.5% Cash Rewards</strong> with no category limitations or quarterly activations. Also, earn <strong>1.8% Cash Rewards</strong> on Android Pay™ or Apple Pay® mobile wallet purchases during the first 12 months from account opening. Enjoy a <strong>0% Intro APR</strong> on purchases and balance transfers for 12 months. After that your variable APR will be 14.24% to 26.24%. Balance transfer fees apply. Finally, there's <strong>no annual fee</strong>. For more terms and conditions, <a target=""_blank"" data-iref=""fp-content-wide-body"" href=""https://www.dealnews.com/lw/click.html?20,2,17089667,2168609"">click here</a>.        <div class=""article-disclaimer"">
            <p class=""article-disclaimer-text"">
                <a href=""#"" class=""article-disclaimer-link info"" data-panel=""article_disclaimer-dialog"" data-dialog_text=""DealNews has financial relationships with the credit card issuers mentioned on our site, and DealNews receives compensation if consumers choose to apply for these by clicking links in our content and ultimately sign up for these specific cards. This compensation has no impact or influence on where or how the cards appears on dealnews.com. DealNews does not include all card companies or all card offers available in the marketplace.&lt;br&gt;&lt;br&gt;
&lt;bold&gt;UGC Disclosure&lt;/bold&gt;&lt;br&gt;
&lt;br&gt;
These responses are not provided or commissioned by the bank advertiser. Responses have not been reviewed, approved or otherwise endorsed by the bank advertiser. It is not the bank advertiser's responsibility to ensure all posts and/or questions are answered.
&lt;bold&gt;Bank Disclaimer&lt;/bold&gt;&lt;br&gt;
&lt;br&gt;
This content is not provided or commissioned by the Bank Advertiser. Opinions expressed here are author's alone, not those of the Bank Advertiser, and have not been reviewed, approved or otherwise endorsed by the Bank Advertiser. This site may be compensated through the Bank Advertiser Affiliate Program."" data-dialog_title=""Advertiser Disclosure"">Advertiser Disclosure</a>
            </p>
        </div>
                    <script type=""text/javascript"">
                (function() {

                    var func = function () {

                                                /* Once is enough */
                        if (DN.isset(DN.get(""article_disclaimer-dialog""))) {
                            return;
                        }
                        
                                                    var parent = document.body;
                                                var div = document.createElement('div');
                        div.innerHTML = ""        <div class=\""dn-dialog form-box dn-panel info-dialog\"" id=\""article_disclaimer-dialog\"" >\n                            <div class=\""close icon box-close-white\""><\/div>\n            \n                            <div class=\""dialog-pointer\""><\/div>\n            \n                            <div class=\""hd\"">Disclaimer<\/div>\n            \n            <div class=\""bd\"">\n                        <div id=\""article-disclaimer\""><\/div>\n                    <\/div>\n\n                    <\/div>\n\n        "";
                        while (div.children.length > 0) {
                            parent.appendChild(div.children[0]);
                        }

                        
                            DN.forms.init();

                        
                                            };

                    if (DN.DOMReady) {
                        func();
                    } else {
                        DN.onDOMReady.bind(func);
                    }

                })();
            </script>",,"https://www.dealnews.com/lw/click.html?20,2,2168609",Wells Fargo Cash Wise Visa® Card,2017-12-30T00:01:00-05:00,,,CREDIT CARDS
$1 w/ $25 purchase,"https://cdlnws.a.ssl.fastly.net/image/upload/c_limit,dpr_auto,f_auto,q_auto,w_auto/content/emfa2o8eb0dvaaz5zcvl",,2169203,"With orders of $25 or more, Amazon offers the <a target=""_blank"" data-iref=""fp-content-wide-body"" href=""https://www.dealnews.com/lw/click.html?20,2,2169203"">CyberPower Grounding Adapter 2-Pack</a> for <strong>96 cents</strong> with <strong>free shipping</strong>. That's the lowest price we could find by $5. It lets you fit 3-prong plugs into 2-prong outlets.<br>
<br>
Note: This item is part of Amazon's ""add-on"" program and can only be purchased with orders of $25 or more.",,https://www.dealnews.com/Cyber-Power-Grounding-Adapter-2-Pack-for-1-w-25-purchase-free-shipping/2169203.html,CyberPower Grounding Adapter 2-Pack,2017-12-31T15:55:00-05:00,4,free shipping,POWER MANAGEMENT
$14,"https://cdlnws.a.ssl.fastly.net/image/upload/c_limit,dpr_auto,f_auto,q_auto,w_auto/content/p3nkwjyirfuvyvjbarqv",,2169221,"Amazon offers Prime members the <a target=""_blank"" data-iref=""fp-content-wide-body"" href=""https://www.dealnews.com/lw/click.html?20,2,2169221"">DC Super Hero Girls Batgirl &amp; Vehicle Set</a> for <strong>$13.80</strong> with <strong>free shipping</strong>. That's $2 below our mention from two weeks ago, a current best by $2 (most stores charge at least $26), and the lowest price we've seen. (For further comparison, it was $18 on Black Friday.) It transforms from a rolling vehicle into a stationary play set and includes a Batgirl action figure.",True,https://www.dealnews.com/DC-Super-Hero-Girls-Batgirl-Vehicle-Set-for-14-free-shipping-w-Prime/2169221.html,DC Super Hero Girls Batgirl & Vehicle Set,2017-12-31T15:35:00-05:00,3,free shipping w/Prime,TOYS & HOBBIES
$4,"https://cdlnws.a.ssl.fastly.net/image/upload/c_limit,dpr_auto,f_auto,q_auto,w_auto/content/plukmuvvdbutfsljzy0x",,2169215,"Fry's offers the <a target=""_blank"" data-iref=""fp-content-wide-body"" href=""https://www.dealnews.com/lw/click.html?20,2,2169215"">Rio / Robots / Horton Hears a Who Triple Feature on Blu-ray Disc</a> for <strong>$3.99</strong> with <strong>free shipping</strong>. That's the lowest price we could find by $6. Deal ends January 6.",True,https://www.dealnews.com/Rio-Robots-Horton-Hears-a-Who-on-Blu-ray-for-4-free-shipping/2169215.html,Rio / Robots / Horton Hears a Who on Blu-ray,2017-12-31T15:20:00-05:00,3,free shipping,BLU-RAY DISC MOVIES
$5,"https://cdlnws.a.ssl.fastly.net/image/upload/c_limit,dpr_auto,f_auto,q_auto,w_auto/content/fo3wrwewdayfj4yp9efx",,2169212,"For in-store pickup only, and with stock varying by ZIP code, Fry's offers <a target=""_blank"" data-iref=""fp-content-wide-body"" href=""https://www.dealnews.com/lw/click.html?20,2,2169212"">The Internship / The Watch / Dodgeball Triple Feature on Blu-ray Disc</a> for <strong>$4.99</strong>. That's the lowest price we could find for this Vince Vaughn comedy collection by $14.",True,https://www.dealnews.com/Internship-The-Watch-Dodgeball-on-Blu-ray-for-5-pickup-at-Frys/2169212.html,Internship / The Watch / Dodgeball on Blu-ray,2017-12-31T15:08:25-05:00,3,pickup at Fry's,BLU-RAY DISC MOVIES
"$1,199","https://cdlnws.a.ssl.fastly.net/image/upload/c_limit,dpr_auto,f_auto,q_auto,w_auto/content/tgveafuu8hklzf3ezkew",,2169173,"Ending today, Canon offers its refurbished <a target=""_blank"" data-iref=""fp-content-wide-body"" href=""https://www.dealnews.com/lw/click.html?20,2,2169173"">Canon EOS 80D 24.2-Megapixel Digital SLR Camera with the Canon EF-S 18-135mm F3.5-56 IS USM Lens</a> bundled with the <a target=""_blank"" data-iref=""fp-content-wide-body"" href=""https://www.dealnews.com/lw/click.html?20,2,17090159,2169173"">Canon EF-S 10-18mm f/4.5-5.6 IS STM Lens</a>, <a target=""_blank"" data-iref=""fp-content-wide-body"" href=""https://www.dealnews.com/lw/click.html?20,2,17090162,2169173"">Canon EF 70-300mm f/4-5.6 IS II USM Lens</a>, <a target=""_blank"" data-iref=""fp-content-wide-body"" href=""https://www.dealnews.com/lw/click.html?20,2,17090165,2169173"">Canon 300DG Gadget Bag</a>, and a <a target=""_blank"" data-iref=""fp-content-wide-body"" href=""https://www.dealnews.com/lw/click.html?20,2,17090168,2169173"">SanDisk 32GB SDHC Memory Card</a> for $1,679. Coupon code ""HOLIDAY17"" drops that to <strong>$1,199</strong>. With <strong>free shipping</strong>, that's $828 under the lowest price we could find for such a bundle new and sold separately elsewhere. The camera features a 45-point all cross-type AF system, dual-pixel CMOS AF, 3"" touchscreen LCD, 1080p video recording at 60fps, SDXC card slot, WiFi, and USB.<br>
<br>
Note: Only the camera body and 18-135mm lens are refurbs; all other items in this bundle are new. A 1-year Canon warranty applies for refurbs.",,https://www.dealnews.com/Refurb-Canon-EOS-80-D-24-MP-DSLR-Camera-Bundle-for-1-199-free-shipping/2169173.html,Refurb Canon EOS 80D 24MP DSLR Camera Bundle,2017-12-31T14:50:00-05:00,3,free shipping,DIGITAL SLR CAMERAS
Extra 20% off,"https://cdlnws.a.ssl.fastly.net/image/upload/c_limit,dpr_auto,f_auto,q_auto,w_auto/content/muuqgb6zvfcgedh2isgq",,2169161,"Ending today, <a target=""_blank"" data-iref=""fp-content-wide-body"" href=""https://www.dealnews.com/lw/click.html?20,2,2169161"">Groupon</a> takes an <strong>extra 20% off</strong> <a target=""_blank"" data-iref=""fp-content-wide-body"" href=""https://www.dealnews.com/lw/click.html?20,2,17090132,2169161"">local deals</a> via coupon code ""SALE3"". Plus, the same coupon takes <b>10% off</b> <a target=""_blank"" data-iref=""fp-content-wide-body"" href=""https://www.dealnews.com/lw/click.html?20,2,17090135,2169161"">goods</a> and <a target=""_blank"" data-iref=""fp-content-wide-body"" href=""https://www.dealnews.com/lw/click.html?20,2,17090138,2169161"">travel deals</a>. (This coupon can be used up to three times per account and has a maximum discount of $50 per deal.) Some exclusions apply.<p>See all <a data-iref=""fp-content-wide-body"" href=""https://www.dealnews.com/s8669/Groupon/"">Groupon Coupons</a>.</p>",,https://www.dealnews.com/Groupon-Local-Deals-Extra-20-off/2169161.html,Groupon Local Deals,2017-12-31T14:35:00-05:00,4,,THINGS TO DO
$4,"https://cdlnws.a.ssl.fastly.net/image/upload/c_limit,dpr_auto,f_auto,q_auto,w_auto/content/fn10lkb5crejxxnsudqv",,2169182,"Fry's offers <a target=""_blank"" data-iref=""fp-content-wide-body"" href=""https://www.dealnews.com/lw/click.html?20,2,2169182"">The Bridge On The River Kwai Limited Edition Steelbook on Blu-ray</a> for <b>$3.99</b> with <b>free shipping</b>. That's the lowest price we could find for this classic film by $5.",,https://www.dealnews.com/The-Bridge-On-The-River-Kwai-on-Blu-ray-for-4-free-shipping/2169182.html,The Bridge On The River Kwai on Blu-ray,2017-12-31T14:20:00-05:00,3,free shipping,BLU-RAY DISC MOVIES
$1 w/ $25 purchase,"https://cdlnws.a.ssl.fastly.net/image/upload/c_limit,dpr_auto,f_auto,q_auto,w_auto/content/wan1zac1iajkc94ekh7r",,2169113,"With orders of $25 or more, Amazon offers the <a target=""_blank"" data-iref=""fp-content-wide-body"" href=""https://www.dealnews.com/lw/click.html?20,2,2169113"">Special K Nourish Cereal 14-oz. Box</a> in Coconut Cranberry Almond for $2. Clip the on-page 30% off coupon to cut that price to <strong>$1.40</strong>. With <strong>free shipping</strong>, that's the lowest price we could find by a buck.<br>
<br>
Note: This item is part of Amazon's ""add-on"" program and can only be purchased with an order of $25 or more.",,https://www.dealnews.com/Special-K-Nourish-Cereal-14-oz.-Box-for-1-w-25-purchase-free-shipping/2169113.html,Special K Nourish Cereal 14-oz. Box,2017-12-31T14:05:00-05:00,4,free shipping,GROCERIES
$15,"https://cdlnws.a.ssl.fastly.net/image/upload/c_limit,dpr_auto,f_auto,q_auto,w_auto/content/xeoigcu19npftw1g2rus",,2169164,"Proozy offers the <a target=""_blank"" data-iref=""fp-content-wide-body"" href=""https://www.dealnews.com/lw/click.html?20,2,2169164"">PUMA Outlander Shoulder Laptop Bag</a> in Black or Grenadine for <b>$14.99</b> with <b>free shipping</b>. That's $2 under our October mention and the lowest price we could find by $5. It features an adjustable shoulder strap and measures 18"" x 13"" x 6"".",,https://www.dealnews.com/PUMA-Outlander-Shoulder-Laptop-Bag-for-15-free-shipping/2169164.html,PUMA Outlander Shoulder Laptop Bag,2017-12-31T13:45:00-05:00,4,free shipping,LAPTOP BAGS
"Earn 80,000 Bonus Points","https://cdlnws.a.ssl.fastly.net/image/upload/c_limit,dpr_auto,f_auto,q_auto,w_auto/content/aqgroaw40es5ego2zmp5",,2168612,"Sign up for the <a target=""_blank"" data-iref=""fp-content-wide-body"" href=""https://www.dealnews.com/lw/click.html?20,2,2168612"">Marriott Rewards® Premier Credit Card</a> and <strong>earn 80,000 Bonus Points</strong> after you <a target=""_blank"" data-iref=""fp-content-wide-body"" href=""https://www.dealnews.com/lw/click.html?20,2,17089679,2168612"">spend $3,000 on purchases</a> in the first 3 months from account opening. Plus, <strong>earn 7,500 Bonus Points</strong> when you add the first authorized user and make a purchase in the first 3 months from account opening. You'll also <strong>earn 5 points</strong> for every $1 spent at 5,700 Marriott locations, <strong>2 points</strong> for every $1 spent on airline tickets purchased directly with the airline, at car rental agencies, and restaurants, and <strong>1 point</strong> everywhere else. Other card features include <strong>1 Free Night Stay</strong> at a Category 1-5 location every year after your account anniversary date, <strong>15 credits</strong> toward your next Elite membership level after account approval and every year after account anniversary, and <strong>1 Elite Credit</strong> for every $3,000 spent on purchases. An $85 annual fee applies. For more terms and conditions, <a target=""_blank"" data-iref=""fp-content-wide-body"" href=""https://www.dealnews.com/lw/click.html?20,2,17089682,2168612"">click here</a>.<br>
<br>
This card — and several more — can be found on our <a target=""_blank"" data-iref=""fp-content-wide-body"" href=""http://dealnews.com/credit-cards/s1642/Chase/"">Chase Credit Card page</a>.        <div class=""article-disclaimer"">
            <p class=""article-disclaimer-text"">
                <a href=""#"" class=""article-disclaimer-link info"" data-panel=""article_disclaimer-dialog"" data-dialog_text=""DealNews has financial relationships with the credit card issuers mentioned on our site, and DealNews receives compensation if consumers choose to apply for these by clicking links in our content and ultimately sign up for these specific cards. This compensation has no impact or influence on where or how the cards appears on dealnews.com. DealNews does not include all card companies or all card offers available in the marketplace.&lt;br&gt;&lt;br&gt;
&lt;bold&gt;UGC Disclosure&lt;/bold&gt;&lt;br&gt;
&lt;br&gt;
These responses are not provided or commissioned by the bank advertiser. Responses have not been reviewed, approved or otherwise endorsed by the bank advertiser. It is not the bank advertiser's responsibility to ensure all posts and/or questions are answered.
&lt;bold&gt;Bank Disclaimer&lt;/bold&gt;&lt;br&gt;
&lt;br&gt;
This content is not provided or commissioned by the Bank Advertiser. Opinions expressed here are author's alone, not those of the Bank Advertiser, and have not been reviewed, approved or otherwise endorsed by the Bank Advertiser. This site may be compensated through the Bank Advertiser Affiliate Program."" data-dialog_title=""Advertiser Disclosure"">Advertiser Disclosure</a>
            </p>
        </div>",,"https://www.dealnews.com/lw/click.html?20,2,2168612",Marriott Rewards® Premier Credit Card,2017-12-31T00:01:00-05:00,,,CREDIT CARDS
$9,"https://cdlnws.a.ssl.fastly.net/image/upload/c_limit,dpr_auto,f_auto,q_auto,w_auto/content/ektmtiijobigtwed1hle",,2169167,"BestBuy offers the <a target=""_blank"" data-iref=""fp-content-wide-body"" href=""https://www.dealnews.com/lw/click.html?20,2,2169167"">Blomkamp Limited Edition Digibook Collection: Chappie/District 9/Elysium on Blu-ray and Digital HD</a> for $9.99. Clip the $1 off coupon when you choose <strong>pickup</strong> at checkout to cut that price to <strong>$8.99</strong>. That's the lowest price we could find by $4.",,https://www.dealnews.com/Chappie-District-9-Elysium-on-Blu-ray-for-9-pickup-at-Best-Buy/2169167.html,Chappie / District 9 / Elysium on Blu-ray,2017-12-31T13:25:00-05:00,3,pickup at Best Buy,BLU-RAY DISC MOVIES
$299,"https://cdlnws.a.ssl.fastly.net/image/upload/c_limit,dpr_auto,f_auto,q_auto,w_auto/content/t69b4vmyz8gttll3brn6",,2169185,"Best Buy offers the 4-lb. <a target=""_blank"" data-iref=""fp-content-wide-body"" href=""https://www.dealnews.com/lw/click.html?20,2,17090177,2169185"">Acer Intel Pentium Apollo Lake 1.1GHz 15.6"" 1080p Touchscreen Chromebook</a> in Silver bundled with the <a target=""_blank"" data-iref=""fp-content-wide-body"" href=""https://www.dealnews.com/lw/click.html?20,2,2169185"">Google Home Voice-Controlled Speaker</a> in White for <strong>$299</strong> with <strong>free shipping</strong>. That's tied with our mention from two weeks ago and $129 under the lowest price we could find for these items sold separately elsewhere. It features an Intel Pentium N4200 1.1GHz Apollo Lake quad-core processor, 15.6"" 1920x1080 (1080p) IPS LED-backlit touchscreen LCD, 4GB RAM, 32GB eMMC storage, 4-cell battery, and Google Chrome OS.",True,https://www.dealnews.com/Acer-16-1080-p-Touch-Chromebook-Google-Home-for-299-free-shipping/2169185.html,"Acer 16"" 1080p Touch Chromebook, Google Home",2017-12-31T13:23:10-05:00,3,free shipping,LAPTOPS
$4,"https://cdlnws.a.ssl.fastly.net/image/upload/c_limit,dpr_auto,f_auto,q_auto,w_auto/content/p4h5moru1wousc8ylhqz",,2169179,"Fry's offers <a target=""_blank"" data-iref=""fp-content-wide-body"" href=""https://www.dealnews.com/lw/click.html?20,2,2169179"">Night at the Museum: 1 &amp; 2 on Blu-ray Disc</a> for <strong>$3.99</strong> with <strong>free shipping</strong>. That's the lowest price we could find by $7.",True,https://www.dealnews.com/Night-at-the-Museum-1-2-on-Blu-ray-for-4-free-shipping/2169179.html,Night at the Museum: 1 & 2 on Blu-ray,2017-12-31T13:17:58-05:00,3,free shipping,BLU-RAY DISC MOVIES
$3,"https://cdlnws.a.ssl.fastly.net/image/upload/c_limit,dpr_auto,f_auto,q_auto,w_auto/content/toudbok6wbxjnxr2bbn7",,2169143,"Amazon offers downloads of <a target=""_blank"" data-iref=""fp-content-wide-body"" href=""https://www.dealnews.com/lw/click.html?20,2,2169143"">John Scalzi's <i>The Collapsing Empire: The Interdependency, Book 1</i> Kindle eBook</a> for <strong>$2.99</strong>. That's the lowest price we could find by $10.",,https://www.dealnews.com/Scalzis-The-Collapsing-Empire-Kindle-eBook-for-3/2169143.html,"Scalzi's ""The Collapsing Empire"" Kindle eBook",2017-12-31T13:10:00-05:00,3,,EBOOKS
$330,"https://cdlnws.a.ssl.fastly.net/image/upload/c_limit,dpr_auto,f_auto,q_auto,w_auto/content/q8j3zkavjuspn4ufpza5",,2169134,"As one of its daily deals, Woot offers the <a target=""_blank"" data-iref=""fp-content-wide-body"" href=""https://www.dealnews.com/lw/click.html?20,2,2169134"">Bio Bidet Bliss Hybrid On-Demand Heating System Toilet Seat</a> for <strong>$329.99</strong> plus <strong>$5</strong> for shipping. That's the lowest price we could find by $95. It features a 3-in-1 cleaning nozzle, water heating system, a slow closing lid, and more. Deal ends today.",,https://www.dealnews.com/Bio-Bidet-Bliss-Hybrid-Toilet-Seat-for-330-5-s-h/2169134.html,Bio Bidet Bliss Hybrid Toilet Seat,2017-12-31T12:55:00-05:00,3,$5 shipping,BED & BATH
$40,"https://cdlnws.a.ssl.fastly.net/image/upload/c_limit,dpr_auto,f_auto,q_auto,w_auto/content/wjnpaunjw6o5nytiixeu",,2169140,"As one of its daily deals, Woot offers the <a target=""_blank"" data-iref=""fp-content-wide-body"" href=""https://www.dealnews.com/lw/click.html?20,2,2169140"">SOG Zoom Assisted Folding Knife</a> for <strong>$39.99</strong> plus <strong>$5</strong> for shipping. That's the lowest price we could find by $15. It features a 3.6"" blade. Deal ends today.",,https://www.dealnews.com/SOG-Zoom-Assisted-Folding-Knife-for-40-5-s-h/2169140.html,SOG Zoom Assisted Folding Knife,2017-12-31T12:35:00-05:00,3,$5 shipping,KNIVES & MULTITOOLS
$13,"https://cdlnws.a.ssl.fastly.net/image/upload/c_limit,dpr_auto,f_auto,q_auto,w_auto/content/rl6ojcth9y60ibznxtzp",,2169110,"Amazon offers the <a target=""_blank"" data-iref=""fp-content-wide-body"" href=""https://www.dealnews.com/lw/click.html?20,2,2169110"">EAS 100% Pure Whey Protein Powder 2-lb. Tub</a> in Vanilla or Chocolate for <strong>$12.59</strong> with <strong>free shipping</strong> via the directions below. That's the lowest price we could find by $6, although we saw it for $2 less in March. It features 30 grams of protein per serving. To get this deal:
<ol>
 <li>View the <a target=""_blank"" data-iref=""fp-content-wide-body"" href=""https://www.dealnews.com/lw/click.html?20,2,2169110"">EAS 100% Pure Whey Protein Powder 2-lb. Tub</a> for $17.09
 </li>
 <li>clip the 25% off coupon
 </li>
 <li>check out via Subscribe &amp; Save for a final price of <strong>$12.59</strong>
 </li>
</ol>
Be sure to cancel your subscription after receiving your item to avoid being billed for subsequent shipments.",,https://www.dealnews.com/EAS-Pure-Whey-Protein-Powder-2-lb.-Tub-for-13-free-shipping/2169110.html,EAS Pure Whey Protein Powder 2-lb. Tub,2017-12-31T12:17:10-05:00,3,free shipping,SUPPLEMENTS
$12,"https://cdlnws.a.ssl.fastly.net/image/upload/c_limit,dpr_auto,f_auto,q_auto,w_auto/content/pbidtjfzic9kvyteimfi",,2169101,"As one of its daily deals, Meh offers the <a target=""_blank"" data-iref=""fp-content-wide-body"" href=""https://www.dealnews.com/lw/click.html?20,2,2169101"">Deiss Pro Zester / Grater 2-Pack</a> for <strong>$12</strong> plus <strong>$5</strong> for shipping. That's the lowest price we could find by $3. They can be used for citrus, hard cheeses, and most other food items that you would typically zest or grate. Deal ends today.",,https://www.dealnews.com/Deiss-Pro-Zester-Grater-2-Pack-for-12-5-s-h/2169101.html,Deiss Pro Zester / Grater 2-Pack,2017-12-31T12:15:00-05:00,4,$5 shipping,KITCHEN
$5 w/ $25 purchase,"https://cdlnws.a.ssl.fastly.net/image/upload/c_limit,dpr_auto,f_auto,q_auto,w_auto/content/acimmujsuiydxcop9u6y",,2169119,"With orders of $25 or more, Amazon offers <a target=""_blank"" data-iref=""fp-content-wide-body"" href=""https://www.dealnews.com/lw/click.html?20,2,2169119"">Monty Python and the Holy Grail 40th Anniversary on Blu-ray</a> for <strong>$4.99</strong> with <strong>free shipping</strong>. That's the lowest price we could find by $5.<br>
<br>
Note: This item is part of Amazon's ""add-on"" program and can only be purchased with an order of $25 or more.",,https://www.dealnews.com/Monty-Python-and-the-Holy-Grail-on-Blu-ray-for-5-w-25-purchase-free-shipping/2169119.html,Monty Python and the Holy Grail on Blu-ray,2017-12-31T12:12:55-05:00,3,free shipping,BLU-RAY DISC MOVIES
$65 per month,"https://cdlnws.a.ssl.fastly.net/image/upload/c_limit,dpr_auto,f_auto,q_auto,w_auto/content/rurgdozgvabmllj0w2p6",,2168576,"With a 2-year TV and a 1-year Internet agreement, AT&T offers its <a target=""_blank"" data-iref=""fp-content-wide-body"" href=""https://www.dealnews.com/lw/click.html?20,2,2168576"">AT&amp;T Internet 50 service</a> bundled with <a target=""_blank"" data-iref=""fp-content-wide-body"" href=""https://www.dealnews.com/lw/click.html?20,2,17089631,2168576"">DIRECTV Select</a> and a <a target=""_blank"" data-iref=""fp-content-wide-body"" href=""https://www.dealnews.com/lw/click.html?20,2,17089634,2168576"">$300 in Reward Cards</a> for <strong>$65 per month</strong> for the first 12 months. (Scroll down. It's the offer on the right under ""Bundle AT&T services and save"".) The Internet 50 service features speeds up to 50Mbps with unlimited data. DIRECTV Select features over 150 channels, HD DVR service, plus HBO, SHOWTIME, STARZ, and Cinemax for three months. (Plan prices may vary by location. The cost for months 13-24 is $106/mo.)",,https://www.dealnews.com/DIRECTV-AT-T-Internet-300-in-Reward-Cards-for-65-per-month/2168576.html,"DIRECTV + AT&T Internet, $300 in Reward Cards",2017-12-31T00:01:00-05:00,,,COMPUTER SERVICES
from $31,"https://cdlnws.a.ssl.fastly.net/image/upload/c_limit,dpr_auto,f_auto,q_auto,w_auto/content/vaqdzjxvjas7hdbijeam",,2169149,"As one of its daily deals, Woot offers the Seneca Desktop Monitor Mount in select sizes from <strong>$30.99</strong> as listed below. Shipping adds <strong>$5</strong>. The deals, which end today:
<ul>
 <li>
 <a target=""_blank"" data-iref=""fp-content-wide-body"" href=""https://www.dealnews.com/lw/click.html?20,2,2169149"">Seneca SD11 Single Desktop Monitor Mount</a> for <strong>$30.99</strong> (pictured, low by $9)
 </li>
 <li>
 <a target=""_blank"" data-iref=""fp-content-wide-body"" href=""https://www.dealnews.com/lw/click.html?20,2,17090108,2169149"">Seneca SD12 Dual Desktop Monitor Mount</a> for <strong>$39.99</strong> (low by $4)
 </li>
 <li>
 <a target=""_blank"" data-iref=""fp-content-wide-body"" href=""https://www.dealnews.com/lw/click.html?20,2,17090111,2169149"">Seneca SD13 Triple Desktop Monitor Mount</a> for <strong>$56.99</strong> (low by $15)
 </li>
 <li>
 <a target=""_blank"" data-iref=""fp-content-wide-body"" href=""https://www.dealnews.com/lw/click.html?20,2,17090114,2169149"">Seneca SD22 Quad Desktop Monitor Mount</a> for <strong>$66.99</strong> (low by $7)
 </li>
</ul>",,https://www.dealnews.com/Seneca-Desktop-Display-Mounts-from-31-5-s-h/2169149.html,Seneca Desktop Display Mounts,2017-12-31T12:10:13-05:00,4,$5 shipping,MONITORS
Extra 20% to 30% off,"https://cdlnws.a.ssl.fastly.net/image/upload/c_limit,dpr_auto,f_auto,q_auto,w_auto/content/rs0v3g6nagtlzuizm86p",,2169131,"<a target=""_blank"" data-iref=""fp-content-wide-body"" href=""https://www.dealnews.com/lw/click.html?20,2,2169131"">JCPenney</a> discounts a large selection of items during its <a target=""_blank"" data-iref=""fp-content-wide-body"" href=""https://www.dealnews.com/lw/click.html?20,2,17090075,2169131"">New Year's Sale</a>, including <strong>up to 80% off</strong> <a target=""_blank"" data-iref=""fp-content-wide-body"" href=""https://www.dealnews.com/lw/click.html?20,2,17090078,2169131"">clearance items</a>. Plus, coupon code ""32FORYOU"" takes an <b>extra 20% off</b> most orders with no minimum purchase required or an <strong>extra 30% off</strong> orders of <a target=""_blank"" data-iref=""fp-content-wide-body"" href=""https://www.dealnews.com/lw/click.html?20,2,17090081,2169131"">$100 or more</a>. (It only takes 15% off select categories.) Alternatively, get an <strong>extra $10 off</strong> orders of <a target=""_blank"" data-iref=""fp-content-wide-body"" href=""https://www.dealnews.com/lw/click.html?20,2,17090084,2169131"">$25 or more</a> via coupon code ""COOLSALE"". Shipping adds <b>$8.95</b>, but orders of $99 or more bag free shipping. (In-store pickup is available for many items for $3.95, or free for most orders over $25.) Deal ends January 1.<p>See all <a data-iref=""fp-content-wide-body"" href=""https://www.dealnews.com/s320/JCPenney/"">JCPenney Coupons</a>.</p>",,https://www.dealnews.com/JCPenney-New-Years-Sale-Extra-20-to-30-off-free-shipping-w-99/2169131.html,JCPenney New Year's Sale,2017-12-31T12:07:56-05:00,4,free shipping w/ $99,AFTER CHRISTMAS SALES
$0 after rebate,"https://cdlnws.a.ssl.fastly.net/image/upload/c_limit,dpr_auto,f_auto,q_auto,w_auto/content/m8poocuqogxrotikk1og",,2169152,"Newegg offers the <a target=""_blank"" data-iref=""fp-content-wide-body"" href=""https://www.dealnews.com/lw/click.html?20,2,2169152"">Coboc 6-Foot Shielded Internal to External Serial ATA 6Gb/s Cable</a> in Silver (pictured) for $5. This <a target=""_blank"" data-iref=""fp-content-wide-body"" href=""https://www.dealnews.com/lw/click.html?20,2,17090117,2169152"">$5 mail-in rebate</a> drops the price to <strong>$0</strong>. With <strong>free shipping</strong>, that's $5 off and the best deal we could find.<br>
<br>
Also available is the <a target=""_blank"" data-iref=""fp-content-wide-body"" href=""https://www.dealnews.com/lw/click.html?20,2,17090120,2169152"">Coboc 6-Foot USB 2.0 Male to Micro B 5-Pin Male Cable</a> in Black for $3.99. This <a target=""_blank"" data-iref=""fp-content-wide-body"" href=""https://www.dealnews.com/lw/click.html?20,2,17090123,2169152"">$3.99 mail-in rebate</a> cuts it to <strong>$0</strong>. With <strong>free shipping</strong>, that's $4 off and the lowest price we could find. Both deals end today.",,https://www.dealnews.com/Coboc-Cables-at-Newegg-for-0-after-rebate-free-shipping/2169152.html,Coboc Cables at Newegg,2017-12-31T12:05:04-05:00,3,free shipping,COMPUTER CABLES
$10,"https://cdlnws.a.ssl.fastly.net/image/upload/c_limit,dpr_auto,f_auto,q_auto,w_auto/content/us9xq9yhqqkq2enpwphl",,2169122,"Monoprice offers the <a target=""_blank"" data-iref=""fp-content-wide-body"" href=""https://www.dealnews.com/lw/click.html?20,2,2169122"">Monoprice Bluetooth Wireless Earbuds</a> for $11.99. Coupon code ""NEW18"" cuts that price to <strong>$10.19</strong>. With <strong>$2.49</strong> for shipping, that's the lowest price we could find by $17. It features a 14.2mm driver, wireless Bluetooth connection, built-in rechargeable battery, and an in-line microphone. Deal ends January 1.",,https://www.dealnews.com/Monoprice-Bluetooth-Wireless-Earbuds-for-10-3-s-h/2169122.html,Monoprice Bluetooth Wireless Earbuds,2017-12-31T11:50:00-05:00,3,$3 shipping,HEADPHONES
"$1,798","https://cdlnws.a.ssl.fastly.net/image/upload/c_limit,dpr_auto,f_auto,q_auto,w_auto/content/evfa4ji4tjsb8kgjgdqd",,2168675,"Overstock.com offers the <a target=""_blank"" data-iref=""fp-content-wide-body"" href=""https://www.dealnews.com/lw/click.html?20,2,2168675"">Abbyson Living Tanya 4-Piece Sectional Sofa</a> for Grey for $1,839.06. Add it to cart and click through this <a target=""_blank"" data-iref=""fp-content-wide-body"" href=""https://www.dealnews.com/lw/click.html?20,2,17090090,2168675"">link</a> to drop it to <strong>$1,798.19</strong>. With <strong>free shipping</strong>, that's the lowest price we could find by $41. It measures 146"" x 62"" x 36"" overall. Deal ends January 2.",,https://www.dealnews.com/Abbyson-Living-4-Piece-Sectional-Sofa-for-1-798-free-shipping/2168675.html,Abbyson Living 4-Piece Sectional Sofa,2017-12-31T11:49:44-05:00,4,free shipping,SOFAS & COUCHES
$400,"https://cdlnws.a.ssl.fastly.net/image/upload/c_limit,dpr_auto,f_auto,q_auto,w_auto/content/iuobh5mi6mcgbbq8i0hw",,2169146,"MacMall offers the 1.4-lb. <a target=""_blank"" data-iref=""fp-content-wide-body"" href=""https://www.dealnews.com/lw/click.html?20,2,2169146"">Huawei MateBook Intel Skylake Core m5 1.1GHz 12"" 256GB Windows Touch Tablet PC</a> for <strong>$399.99</strong> with <strong>free shipping</strong>. That's $5 under our mention from last month and the lowest price we could find now, also by $5. It features an Intel Core m5-6Y54 1.1GHz Skylake dual-core processor, 12"" 2160x1440 (1440p) IPS touchscreen LCD, 8GB RAM, 256GB SSD, and Windows 10 Home 64-bit.",,https://www.dealnews.com/Huawei-Skylake-m5-12-256-GB-Windows-Tablet-PC-for-400-free-shipping/2169146.html,"Huawei Skylake m5 12"" 256GB Windows Tablet PC",2017-12-31T11:47:31-05:00,4,free shipping,LAPTOPS
$30,"https://cdlnws.a.ssl.fastly.net/image/upload/c_limit,dpr_auto,f_auto,q_auto,w_auto/content/fj4dik0vynonnfbu7kf7",2017-12-31T15:12:44-05:00,2169095,"As one of its daily deals, Joe's New Balance Outlet offers the <a target=""_blank"" data-iref=""fp-content-wide-body"" href=""https://www.dealnews.com/lw/click.html?20,2,2169095"">New Balance Men's 420v3 Shoes</a> in Black for <strong>$29.99</strong>. Coupon code ""DOLLARSHIP"" cuts shipping to <strong>$1</strong>. That's the lowest price we could find by $22. They're available in standard and extra wide widths in select sizes from 7 to 14. Deal ends today.",,https://www.dealnews.com/New-Balance-Mens-420-v3-Shoes-for-30-1-s-h/2169095.html,New Balance Men's 420v3 Shoes,,4,$1 shipping,SHOES
$40,"https://cdlnws.a.ssl.fastly.net/image/upload/c_limit,dpr_auto,f_auto,q_auto,w_auto/content/ppwfb2og5hcsow8zige6",,2169137,"As one of its daily deals, Best Buy via eBay offers the <a target=""_blank"" data-iref=""fp-content-wide-body"" href=""https://www.dealnews.com/lw/click.html?20,2,2169137"">DigiLand 7"" 8GB Android Tablet</a> in Black for <b>$39.99</b> with <b>free shipping</b>. That's $20 off and the lowest price we could find. It includes a keyboard and features an ARM Cortex-A7 quad-core 1.3GHz processor, 7"" 1024x600 touchscreen, 8GB storage, 3-megapixel front-facing camera, 2-megapixel rear-facing camera, microSD slot, and Android 7.0 (Nougat). Deal ends today.",,https://www.dealnews.com/Digi-Land-7-8-GB-Android-Tablet-for-40-free-shipping/2169137.html,"DigiLand 7"" 8GB Android Tablet",2017-12-31T11:29:17-05:00,3,free shipping,TABLETS
Up to 70% off,"https://cdlnws.a.ssl.fastly.net/image/upload/c_limit,dpr_auto,f_auto,q_auto,w_auto/content/b56vr8lxgnn2cqicpbww",2017-12-31T13:54:20-05:00,2169128,"Ending today, <a target=""_blank"" data-iref=""fp-content-wide-body"" href=""https://www.dealnews.com/lw/click.html?20,2,2169128"">Saks Fifth Avenue</a> takes <strong>up to 70% off</strong> <a target=""_blank"" data-iref=""fp-content-wide-body"" href=""https://www.dealnews.com/lw/click.html?20,2,17090069,2169128"">men's, women's, and kids' apparel</a> during its <a target=""_blank"" data-iref=""fp-content-wide-body"" href=""https://www.dealnews.com/lw/click.html?20,2,17090072,2169128"">Saks Fifth Avenue Designer Sale</a>. Plus, <strong>free shipping</strong> applies to all orders via coupon code ""HOLIDAY"". Some exclusions apply.<br>
<br>
Note: Many items are final sale and cannot be exchanged or returned.<p>See all <a data-iref=""fp-content-wide-body"" href=""https://www.dealnews.com/s990/Saks-Fifth-Avenue/"">Saks Fifth Avenue Coupons</a>.</p>",,https://www.dealnews.com/Saks-Fifth-Avenue-Designer-Sale-Up-to-70-off-free-shipping/2169128.html,Saks Fifth Avenue Designer Sale,,4,free shipping,CLOTHING & ACCESSORIES
"50,000 bonus points","https://cdlnws.a.ssl.fastly.net/image/upload/c_limit,dpr_auto,f_auto,q_auto,w_auto/content/d8ppsk9jlwz1siyg70ap",,2167586,"Sign up for the <a target=""_blank"" data-iref=""fp-content-wide-body"" href=""https://www.dealnews.com/lw/click.html?20,2,2167586"">Chase Sapphire Preferred® Credit Card</a> and earn <strong>50,000 bonus points</strong> after you spend <a target=""_blank"" data-iref=""fp-content-wide-body"" href=""https://www.dealnews.com/lw/click.html?20,2,17086874,2167586"">$4,000 or more</a> on purchases in the first three months from account opening – that's $625 toward travel when you redeem through Chase Ultimate Rewards®. Plus, earn <strong>5,000 bonus points</strong> after you add the first authorized user and make a purchase in the first three months from account opening. Also, earn <strong>2 points</strong> for every $1 spent on travel and dining at restaurants both in the U.S. and abroad, and <strong>1 point</strong> for every $1 spent on all other purchases. There's a <strong>$0 Intro Annual Fee</strong> for the first year, then $95 for each additional year, and <strong>no foreign transaction fees</strong> on purchases made outside the United States. For more terms and conditions, <a target=""_blank"" data-iref=""fp-content-wide-body"" href=""https://www.dealnews.com/lw/click.html?20,2,17086877,2167586"">click here</a>.<br>
<br>
This card — and several more — can be found on our <a target=""_blank"" data-iref=""fp-content-wide-body"" href=""http://dealnews.com/credit-cards/s1642/Chase/"">Chase Credit Card page</a>.        <div class=""article-disclaimer"">
            <p class=""article-disclaimer-text"">
                <a href=""#"" class=""article-disclaimer-link info"" data-panel=""article_disclaimer-dialog"" data-dialog_text=""DealNews has financial relationships with the credit card issuers mentioned on our site, and DealNews receives compensation if consumers choose to apply for these by clicking links in our content and ultimately sign up for these specific cards. This compensation has no impact or influence on where or how the cards appears on dealnews.com. DealNews does not include all card companies or all card offers available in the marketplace.&lt;br&gt;&lt;br&gt;
&lt;bold&gt;UGC Disclosure&lt;/bold&gt;&lt;br&gt;
&lt;br&gt;
These responses are not provided or commissioned by the bank advertiser. Responses have not been reviewed, approved or otherwise endorsed by the bank advertiser. It is not the bank advertiser's responsibility to ensure all posts and/or questions are answered.
&lt;bold&gt;Bank Disclaimer&lt;/bold&gt;&lt;br&gt;
&lt;br&gt;
This content is not provided or commissioned by the Bank Advertiser. Opinions expressed here are author's alone, not those of the Bank Advertiser, and have not been reviewed, approved or otherwise endorsed by the Bank Advertiser. This site may be compensated through the Bank Advertiser Affiliate Program."" data-dialog_title=""Advertiser Disclosure"">Advertiser Disclosure</a>
            </p>
        </div>",,"https://www.dealnews.com/lw/click.html?20,2,2167586",Chase Sapphire Preferred® Card,2017-12-28T12:11:32-05:00,,,CREDIT CARDS
$35,"https://cdlnws.a.ssl.fastly.net/image/upload/c_limit,dpr_auto,f_auto,q_auto,w_auto/content/ip6k6qyyzhvcaz6sxo2v",,2169089,"As one of its daily deals, REI Garage offers the <a target=""_blank"" data-iref=""fp-content-wide-body"" href=""https://www.dealnews.com/lw/click.html?20,2,2169089"">Bolle Unisex Nova II Snow Goggles</a> in several colors (Matte Blue Gradient Green pictured) for <strong>$34.73</strong>. Opt for in-store <strong>pickup</strong> to dodge the $5.99 shipping charge. That's the lowest price we could find by $19. They feature a ventilated dual lens with antifog and anti-scratch treatments. Deal ends today.",,https://www.dealnews.com/Bolle-Unisex-Nova-II-Snow-Goggles-for-35-pickup-at-REI/2169089.html,Bolle Unisex Nova II Snow Goggles,2017-12-31T11:10:00-05:00,2,pickup at REI,SPORTS & FITNESS
$114,"https://cdlnws.a.ssl.fastly.net/image/upload/c_limit,dpr_auto,f_auto,q_auto,w_auto/content/avz4pcmjyzlljifgoo7h",,2169125,"REI Garage offers the <a target=""_blank"" data-iref=""fp-content-wide-body"" href=""https://www.dealnews.com/lw/click.html?20,2,2169125"">Columbia Women's Bugaboo Interchange 3-in-1 Jacket</a> in Dark Raspberry or Grey Ash for <strong>$113.73</strong> with <strong>free shipping</strong>. That's the lowest price we could find by $6. It's available in sizes XS to XL.",,https://www.dealnews.com/Columbia-Womens-Bugaboo-Interchange-Jacket-for-114-free-shipping/2169125.html,Columbia Women's Bugaboo Interchange Jacket,2017-12-31T11:07:19-05:00,3,free shipping,COATS
$40,"https://cdlnws.a.ssl.fastly.net/image/upload/c_limit,dpr_auto,f_auto,q_auto,w_auto/content/jzb2kcjqxqf08la5wu4f",2017-12-31T15:22:13-05:00,2169080,"As one of its daily deals, B&H Photo Video offers the <a target=""_blank"" data-iref=""fp-content-wide-body"" href=""https://www.dealnews.com/lw/click.html?20,2,2169080"">Bolt Flexible Macro Light</a> for <strong>$39.95</strong> with <strong>free shipping</strong>. That's $40 off and the lowest price we could find. It features continuous light and flash modes, seven levels of power adjustment, and a 1.6"" LCD screen. Deal ends today.",,https://www.dealnews.com/Bolt-Flexible-Macro-Light-for-40-free-shipping/2169080.html,Bolt Flexible Macro Light,,3,free shipping,CAMERA ACCESSORIES
Up to 70% off,"https://cdlnws.a.ssl.fastly.net/image/upload/c_limit,dpr_auto,f_auto,q_auto,w_auto/content/katr4lfyi3waggpadxos",2017-12-31T15:07:43-05:00,2169116,"<a target=""_blank"" data-iref=""fp-content-wide-body"" href=""https://www.dealnews.com/lw/click.html?20,2,17090141,2169116"">Joe's New Balance Outlet</a> takes <strong>up to 70% off</strong> a selection of <a target=""_blank"" data-iref=""fp-content-wide-body"" href=""https://www.dealnews.com/lw/click.html?20,2,17090060,2169116"">New Balance shoes, apparel, and accessories</a> during its <a target=""_blank"" data-iref=""fp-content-wide-body"" href=""https://www.dealnews.com/lw/click.html?20,2,17090063,2169116"">End of the Year Clearance Sale</a>. (Prices are as marked.) Coupon code ""DOLLARSHIP"" unlocks <strong>$1</strong> shipping, or you can spend $99 or more to receive free shipping. (Shipping normally adds $6.95 for orders under $99.) Some exclusions may apply. A couple of best bets, each with <b>$1</b> for shipping via ""DOLLARSHIP"":
<ul>
 <li>
 <a target=""_blank"" data-iref=""fp-content-wide-body"" href=""https://www.dealnews.com/lw/click.html?20,2,2169116"">New Balance Men's 573 Running Shoes</a> for <strong>$41.99</strong> (pictured, low by $5)
 </li>
 <li>
 <a target=""_blank"" data-iref=""fp-content-wide-body"" href=""https://www.dealnews.com/lw/click.html?20,2,17090066,2169116"">New Balance Women's Bomber Jacket</a> for <strong>$58</strong> (low by $9)
 </li>
</ul>",,https://www.dealnews.com/Joes-New-Balance-End-of-the-Year-Clearance-Up-to-70-off-free-shipping-w-99/2169116.html,Joe's New Balance End of the Year Clearance,,4,free shipping w/ $99,SHOES
$14,"https://cdlnws.a.ssl.fastly.net/image/upload/c_limit,dpr_auto,f_auto,q_auto,w_auto/content/tyediichwwriswbjc4dt",2017-12-31T15:12:12-05:00,2169086,"As one of its daily deals, B&H Photo Video offers the <a target=""_blank"" data-iref=""fp-content-wide-body"" href=""https://www.dealnews.com/lw/click.html?20,2,2169086"">Joby Action Jib Kit</a> for <strong>$13.95</strong> with <strong>free shipping</strong>. That's $36 off and the lowest price we could find. This kit turns nearly any pole into a jib arm and it features removable/adjustable pole clamps and an adjustable pulley cord for tilt control. Deal ends today.",,https://www.dealnews.com/Joby-Action-Jib-Kit-for-14/2169086.html,Joby Action Jib Kit,,4,,CAMERA ACCESSORIES
$37,"https://cdlnws.a.ssl.fastly.net/image/upload/c_limit,dpr_auto,f_auto,q_auto,w_auto/content/qxu3h05hnvl1lhe9ofrr",2017-12-31T10:32:23-05:00,2169104,"EssentialApparel offers the <a target=""_blank"" data-iref=""fp-content-wide-body"" href=""https://www.dealnews.com/lw/click.html?20,2,2169104"">Columbia Women's Arcadia II Rain Jacket</a> in several colors (Stormy Blue pictured) for $49.99. Coupon code ""EXTRA25"" cuts the price to <strong>$37.49</strong>. With <strong>free shipping</strong>, that's the lowest price we could find by $2. (However, we saw it in size XL only for $18 three weeks ago.) It's available in select sizes from XS to XL.",,https://www.dealnews.com/Columbia-Womens-Arcadia-II-Rain-Jacket-for-37-free-shipping/2169104.html,Columbia Women's Arcadia II Rain Jacket,,3,free shipping,COATS
$13,"https://cdlnws.a.ssl.fastly.net/image/upload/c_limit,dpr_auto,f_auto,q_auto,w_auto/content/ho1s5vcpqj8qpxwkqyrq",2017-12-31T13:58:37-05:00,2169065,"TomTop offers the <a target=""_blank"" data-iref=""fp-content-wide-body"" href=""https://www.dealnews.com/lw/click.html?20,2,2169065"">Pinhole Nanny WiFi Cam</a> for <strong>$12.56</strong> with <strong>free shipping</strong>. That's the lowest price we could find by $8. It features automatic video recording and a built-in rechargeable battery.<br>
<br>
Note: These ship from China and may take up to four weeks to arrive.",,https://www.dealnews.com/Pinhole-Nanny-Wi-Fi-Cam-for-13-free-s-h-from-China/2169065.html,Pinhole Nanny WiFi Cam,,4,free s&h from China,SECURITY CAMERAS
"$1,799","https://cdlnws.a.ssl.fastly.net/image/upload/c_limit,dpr_auto,f_auto,q_auto,w_auto/content/ae6fugfjhgegmw2lps34",2017-12-31T15:21:54-05:00,2169098,"B&H Photo Video offers the 4-lb. <a target=""_blank"" data-iref=""fp-content-wide-body"" href=""https://www.dealnews.com/lw/click.html?20,2,2169098"">Apple MacBook Pro Intel Skylake Core i7 2.6GHz 15.4"" Retina Laptop</a> in Space Gray for <strong>$1,799</strong> with <strong>free shipping</strong>. That's $600 off and tied with our mention from two weeks ago as the lowest price we've seen.<br>
<br>
The MacBook features the Touch Bar — a touchscreen OLED strip running above the keyboard that supports Touch ID and allows for customized buttons. Other specs include an Intel Core i7 2.6GHz quad-core processor, 15.4"" 2880x1800 IPS LED-backlit Retina Display, 16GB RAM, 256GB SSD, Radeon Pro 455 2GB graphics, 802.11ac wireless, four Thunderbolt 3 ports, and macOS Sierra.",,https://www.dealnews.com/Mac-Book-Pro-i7-15-Retina-Laptop-w-Touch-Bar-for-1-799-free-shipping/2169098.html,"MacBook Pro i7 15"" Retina Laptop w/ Touch Bar",,3,free shipping,MACBOOK PRO
$12,"https://cdlnws.a.ssl.fastly.net/image/upload/c_limit,dpr_auto,f_auto,q_auto,w_auto/content/esa52bbr3kh6krbvq8kx",2017-12-31T15:20:32-05:00,2169092,"As one of its daily deals, Best Buy offers the <a target=""_blank"" data-iref=""fp-content-wide-body"" href=""https://www.dealnews.com/lw/click.html?20,2,2169092"">Insignia 4.8-amp 4-Port USB Charger Wall Outlet</a> in White for <strong>$11.99</strong>. Opt for in-store <strong>pickup</strong> to avoid the $5.49 shipping fee. That's $23 off and the lowest price we could find, although we saw it for $2 less a month ago. Deal ends today.",,https://www.dealnews.com/Insignia-4.8-A-4-Port-USB-Charger-Wall-Outlet-for-12-pickup-at-Best-Buy/2169092.html,Insignia 4.8A 4-Port USB Charger Wall Outlet,,3,pickup at Best Buy,POWER MANAGEMENT
"40,000 points","https://cdlnws.a.ssl.fastly.net/image/upload/c_limit,dpr_auto,f_auto,q_auto,w_auto/content/bdvpkwrdh3pw8ey7wvmq",,2168492,"Sign up for a <a target=""_blank"" data-iref=""fp-content-wide-body"" href=""https://www.dealnews.com/lw/click.html?20,2,2168492"">Southwest Rapid Rewards® Plus Credit Card from Chase</a> and earn <strong>40,000 points</strong> after you spend <a target=""_blank"" data-iref=""fp-content-wide-body"" href=""https://www.dealnews.com/lw/click.html?20,2,17089469,2168492"">$1,000 or more</a> in the first three months your account is open. You'll also earn <strong>3,000 bonus points</strong> after your Cardmember anniversary. Plus, earn unlimited points that don't expire as long as your card account is open. Cardmembers earn 2 points per $1 spent on Southwest® purchases and Rapid Rewards® Hotel and Car Rental Partner purchases, and 1 point per $1 spent on all other purchases. There are no blackout dates or seat restrictions when you redeem with points. Finally, bags fly free® and there are no change fees. A $69 annual fee applies.<br>
<br>
This card — and several more — can be found on our <a target=""_blank"" data-iref=""fp-content-wide-body"" href=""http://dealnews.com/credit-cards/s1642/Chase/"">Chase Credit Card page</a>.        <div class=""article-disclaimer"">
            <p class=""article-disclaimer-text"">
                <a href=""#"" class=""article-disclaimer-link info"" data-panel=""article_disclaimer-dialog"" data-dialog_text=""DealNews has financial relationships with the credit card issuers mentioned on our site, and DealNews receives compensation if consumers choose to apply for these by clicking links in our content and ultimately sign up for these specific cards. This compensation has no impact or influence on where or how the cards appears on dealnews.com. DealNews does not include all card companies or all card offers available in the marketplace.&lt;br&gt;&lt;br&gt;
&lt;bold&gt;UGC Disclosure&lt;/bold&gt;&lt;br&gt;
&lt;br&gt;
These responses are not provided or commissioned by the bank advertiser. Responses have not been reviewed, approved or otherwise endorsed by the bank advertiser. It is not the bank advertiser's responsibility to ensure all posts and/or questions are answered.
&lt;bold&gt;Bank Disclaimer&lt;/bold&gt;&lt;br&gt;
&lt;br&gt;
This content is not provided or commissioned by the Bank Advertiser. Opinions expressed here are author's alone, not those of the Bank Advertiser, and have not been reviewed, approved or otherwise endorsed by the Bank Advertiser. This site may be compensated through the Bank Advertiser Affiliate Program."" data-dialog_title=""Advertiser Disclosure"">Advertiser Disclosure</a>
            </p>
        </div>",,"https://www.dealnews.com/lw/click.html?20,2,2168492",Southwest Rapid Rewards® Plus Credit Card,2017-12-29T15:35:48-05:00,,,CREDIT CARDS
$12,"https://cdlnws.a.ssl.fastly.net/image/upload/c_limit,dpr_auto,f_auto,q_auto,w_auto/content/hk8f8udlujvtcy73orrj",2017-12-31T15:20:10-05:00,2169068,"TomTop offers the <a target=""_blank"" data-iref=""fp-content-wide-body"" href=""https://www.dealnews.com/lw/click.html?20,2,2169068"">Qi Wireless 5/9-volt Charging Pad</a> for <strong>$11.99</strong> with <strong>free shipping</strong>. That's the lowest price we could find by $6. It charges compatible Galaxy smartphones and other Qi-compatible devices.<br>
<br>
Note: This item ships from China and may take up to four weeks to arrive.",,https://www.dealnews.com/Qi-Wireless-5-V-9-V-Charging-Pad-for-12-free-s-h-from-China/2169068.html,Qi Wireless 5V/9V Charging Pad,,3,free s&h from China,CELL PHONE CHARGERS
$4,"https://cdlnws.a.ssl.fastly.net/image/upload/c_limit,dpr_auto,f_auto,q_auto,w_auto/content/v7gzvk7ivznnjw9zfezb",2017-12-31T15:19:56-05:00,2169074,"TomTop offers this <a target=""_blank"" data-iref=""fp-content-wide-body"" href=""https://www.dealnews.com/lw/click.html?20,2,2169074"">Microfiber Auto Window Cleaner</a> for $4.86. Coupon code ""AK2325"" cuts it to <strong>$3.89</strong>. With <strong>free shipping</strong>, that's the lowest price we could find by $2. It features a microfiber cloth and a long handle.<br>
<br>
Note: This item ships from China and may take up to four weeks to arrive.",,https://www.dealnews.com/Microfiber-Auto-Window-Cleaner-for-4-free-s-h-from-China/2169074.html,Microfiber Auto Window Cleaner,,3,free s&h from China,AUTOMOTIVE
$198,"https://cdlnws.a.ssl.fastly.net/image/upload/c_limit,dpr_auto,f_auto,q_auto,w_auto/content/qt8zpyjkxdxke7w0wz1a",2017-12-31T15:19:24-05:00,2169077,"As one of its daily deals, Best Buy via eBay offers the <a target=""_blank"" data-iref=""fp-content-wide-body"" href=""https://www.dealnews.com/lw/click.html?20,2,2169077"">Frigidaire 4.5-Cubic Foot Mini Fridge</a> in Stainless Steel for <strong>$197.99</strong> with <strong>free shipping</strong>. That's $132 off and the lowest price we could find. It features two glass shelves, a crisper, freezer compartment, hanging can rack, and reversible doors. Deal ends today.",,https://www.dealnews.com/Frigidaire-4.5-Cu.-Ft.-Mini-Fridge-for-198-free-shipping/2169077.html,Frigidaire 4.5-Cu. Ft. Mini Fridge,,3,free shipping,REFRIGERATORS & FREEZERS
from $4,"https://cdlnws.a.ssl.fastly.net/image/upload/c_limit,dpr_auto,f_auto,q_auto,w_auto/content/fcftffflztmksw9q11a2",2017-12-31T13:58:19-05:00,2169071,"As one of its daily deals, Amazon discounts a selection of <a target=""_blank"" data-iref=""fp-content-wide-body"" href=""https://www.dealnews.com/lw/click.html?20,2,2169071"">print</a> and <a target=""_blank"" data-iref=""fp-content-wide-body"" href=""https://www.dealnews.com/lw/click.html?20,2,17090039,2169071"">digital magazine subscriptions</a> with prices starting from <strong>$3.75</strong>. (Subscriptions range in duration from six months to one year.) Discounted magazines include Essence, Sports Illustrated, Time, and Popular Science. Deal ends today.<br>
<br>
Note: Print subscriptions auto-renew, although you can cancel at any time.",,https://www.dealnews.com/Digital-or-Print-Magazine-Subs-at-Amazon-from-4/2169071.html,Digital or Print Magazine Subs at Amazon,,4,,MAGAZINES
$15,"https://cdlnws.a.ssl.fastly.net/image/upload/c_limit,dpr_auto,f_auto,q_auto,w_auto/content/fkndjmu97r7yjiajhnqf",2017-12-31T15:15:08-05:00,2169062,"As one of its daily deals, 13 Deals offers this <a target=""_blank"" data-iref=""fp-content-wide-body"" href=""https://www.dealnews.com/lw/click.html?20,2,2169062"">24"" Stackable Folding Crate</a> for <strong>$14.99</strong> with <strong>free shipping</strong>. That's tied with our expired mention from three days ago and the lowest price we could find now by $10. It measures 15.8"" x 23.6"" x 8.8"" and can fold down to less than 1.75"" tall. Deal ends today.<br>
<br>
Stocking up? Buy <a target=""_blank"" data-iref=""fp-content-wide-body"" href=""https://www.dealnews.com/lw/click.html?20,2,17090033,2169062"">three crates</a> for <strong>$35.97</strong> with <strong>free shipping</strong>; that's $11.99 per crate.",,https://www.dealnews.com/24-Stackable-Folding-Crate-for-15-free-shipping/2169062.html,"24"" Stackable Folding Crate",,3,free shipping,HOME & GARDEN
Up to 20% off,"https://cdlnws.a.ssl.fastly.net/image/upload/c_limit,dpr_auto,f_auto,q_auto,w_auto/content/biakkunjxmdw0uckxaqr",2017-12-31T15:06:59-05:00,2169059,"As one of its daily deals, Home Depot takes <b>up to 20% off</b> a selection of <a target=""_blank"" data-iref=""fp-content-wide-body"" href=""https://www.dealnews.com/lw/click.html?20,2,17090027,2169059"">garage floor paint kits</a>. (Prices are as marked.) Plus, these items qualify for <b>free shipping</b>. Deal ends today. A couple of best bets:
<ul>
 <li>
 <a target=""_blank"" data-iref=""fp-content-wide-body"" href=""https://www.dealnews.com/lw/click.html?20,2,17090030,2169059"">Rust-Oleum Concrete Stain 15-oz. Clear Gloss Sealer 6-Pack</a> for <b>$29.21</b> ($10 off)
 </li>
 <li>
 <a target=""_blank"" data-iref=""fp-content-wide-body"" href=""https://www.dealnews.com/lw/click.html?20,2,2169059"">Rust-Oleum 1-Gallon Basement Floor Coating Kit 2-Pack</a> for <b>$83.25</b> (pictured, low by $34)
 </li>
</ul>",,https://www.dealnews.com/Garage-Floor-Paint-Kits-at-Home-Depot-Up-to-20-off-free-shipping/2169059.html,Garage Floor Paint Kits at Home Depot,,5,free shipping,HOME IMPROVEMENT
$25,"https://cdlnws.a.ssl.fastly.net/image/upload/c_limit,dpr_auto,f_auto,q_auto,w_auto/content/d2jyn2tksx8ss4roy5e8",2017-12-31T13:04:38-05:00,2169056,"Walmart offers the <a target=""_blank"" data-iref=""fp-content-wide-body"" href=""https://www.dealnews.com/lw/click.html?20,2,2169056"">Furinno Pasir 4-Tier Open Shelf</a> in Steam Beech for <strong>$25</strong>. (<a target=""_blank"" data-iref=""fp-content-wide-body"" href=""https://www.dealnews.com/lw/click.html?20,2,17090021,2169056"">Amazon</a> has it for the same price, while <a target=""_blank"" data-iref=""fp-content-wide-body"" href=""https://www.dealnews.com/lw/click.html?20,2,17090024,2169056"">Home Depot</a> charges a buck more.) Opt for in-store <strong>pickup</strong> to avoid the $5.99 shipping fee. That's the lowest price we could find by $7. It holds up to 25 lbs. per shelf.",,https://www.dealnews.com/Furinno-Pasir-4-Tier-Open-Shelf-for-25-pickup-at-Walmart/2169056.html,Furinno Pasir 4-Tier Open Shelf,,3,pickup at Walmart,HOME FURNITURE
from $2,"https://cdlnws.a.ssl.fastly.net/image/upload/c_limit,dpr_auto,f_auto,q_auto,w_auto/content/qsocqigasnr3khnhhnlz",2017-12-31T13:57:12-05:00,2169050,"As one of its daily deals, Amazon discounts a selection of <a target=""_blank"" data-iref=""fp-content-wide-body"" href=""https://www.dealnews.com/lw/click.html?20,2,2169050"">2017 Best of the Month Kindle eBooks</a>, with deals starting from <strong>$1.99</strong>. Discounted titles include Amy Tan's <i>Where The Past Begins</i>, Octavia E. Butler's <i>Seed Harvest</i>, and Malcolm Frank's <i>What To Do When Machines Do Everything</i>. Deal ends today.",,https://www.dealnews.com/2017-Best-of-the-Month-Kindle-eBooks-from-2/2169050.html,2017 Best of the Month Kindle eBooks,,4,,EBOOKS
$29,"https://cdlnws.a.ssl.fastly.net/image/upload/c_limit,dpr_auto,f_auto,q_auto,w_auto/content/abo7s9skm7lvkgvwxnbn",2017-12-31T15:06:33-05:00,2169047,"For in-store pickup only, Walmart offers the <a target=""_blank"" data-iref=""fp-content-wide-body"" href=""https://www.dealnews.com/lw/click.html?20,2,2169047"">Google Home Mini</a> in Chalk or Charcoal for <strong>$29</strong>. Plus, <a target=""_blank"" data-iref=""fp-content-wide-body"" href=""https://www.dealnews.com/lw/click.html?20,2,17090012,2169047"">link your Walmart account to Google</a> and you'll receive a <a target=""_blank"" data-iref=""fp-content-wide-body"" href=""https://www.dealnews.com/lw/click.html?20,2,17090015,2169047"">$25 Walmart Credit for a future order via Google Express</a>. Assuming you use the credit, that's tied with our expired mention from three days ago as the lowest price we've seen. (It's the best deal now by $25.) The coupon will be automatically issued when your Walmart account is linked to your Google account. Limit two coupons per household. Coupon expires January 31.",True,https://www.dealnews.com/Google-Home-Mini-w-25-Walmart-GC-for-29-pickup-at-Walmart/2169047.html,Google Home Mini w/ $25 Walmart GC,,5,pickup at Walmart,HOME IMPROVEMENT
"20,000 bonus points offer","https://cdlnws.a.ssl.fastly.net/image/upload/c_limit,dpr_auto,f_auto,q_auto,w_auto/content/bv3urdvfxvmwirwdv9qm",,2168498,"At Bank of America, apply for the <a target=""_blank"" data-iref=""fp-content-wide-body"" href=""https://www.dealnews.com/lw/click.html?20,2,2168498"">Bank of America® Travel Rewards credit card</a> and receive <strong>20,000 bonus points</strong> if you make at least $1,000 in purchases in the first 90 days of account opening – that can be redeemed for a <strong>$200 Statement Credit towards travel purchases</strong>. Plus, earn <strong>1.5 points</strong> per $1 spent on all purchases, with <strong>no annual fee</strong> and <strong>no foreign transaction fees</strong>. Redeem points for a statement credit to pay for flights, hotels, vacation packages, cruises, rental cars, or baggage fees with no blackout dates. There's no limit to the total number of points you can earn and points don't expire.<br>
<br>
This card — and several more — can be found on our <a target=""_blank"" data-iref=""fp-content-wide-body"" href=""http://dealnews.com/credit-cards/s1631/Bank-of-America/"">Bank of America credit card page</a>.        <div class=""article-disclaimer"">
            <p class=""article-disclaimer-text"">
                <a href=""#"" class=""article-disclaimer-link info"" data-panel=""article_disclaimer-dialog"" data-dialog_text=""DealNews has financial relationships with the credit card issuers mentioned on our site, and DealNews receives compensation if consumers choose to apply for these by clicking links in our content and ultimately sign up for these specific cards. This compensation has no impact or influence on where or how the cards appears on dealnews.com. DealNews does not include all card companies or all card offers available in the marketplace.&lt;br&gt;&lt;br&gt;
&lt;bold&gt;UGC Disclosure&lt;/bold&gt;&lt;br&gt;
&lt;br&gt;
These responses are not provided or commissioned by the bank advertiser. Responses have not been reviewed, approved or otherwise endorsed by the bank advertiser. It is not the bank advertiser's responsibility to ensure all posts and/or questions are answered.
&lt;bold&gt;Bank Disclaimer&lt;/bold&gt;&lt;br&gt;
&lt;br&gt;
This content is not provided or commissioned by the Bank Advertiser. Opinions expressed here are author's alone, not those of the Bank Advertiser, and have not been reviewed, approved or otherwise endorsed by the Bank Advertiser. This site may be compensated through the Bank Advertiser Affiliate Program."" data-dialog_title=""Advertiser Disclosure"">Advertiser Disclosure</a>
            </p>
        </div>",,"https://www.dealnews.com/lw/click.html?20,2,2168498",Bank of America® Travel Rewards Credit Card,2017-12-29T15:40:39-05:00,,,CREDIT CARDS
$90,"https://cdlnws.a.ssl.fastly.net/image/upload/c_limit,dpr_auto,f_auto,q_auto,w_auto/content/jp1isavh7ulxgqnypu5q",2017-12-31T15:11:52-05:00,2169044,"As one of its daily deals, Woot offers the <a target=""_blank"" data-iref=""fp-content-wide-body"" href=""https://www.dealnews.com/lw/click.html?20,2,2169044"">JBL Everest Elite 300 NXTGen Wireless Headphones</a> in White for <strong>$89.99</strong> plus <strong>$5</strong> for shipping. That's $10 less than our October mention and the lowest price we've seen for a new pair. (It's the best deal now by $52.) They feature noise cancelling technology, a frequency response of 10 to 22kHz, Bluetooth 4.0, and a built-in microphone. Deal ends today.",True,https://www.dealnews.com/JBL-Everest-Elite-300-Wireless-Headphones-for-90-5-s-h/2169044.html,JBL Everest Elite 300 Wireless Headphones,,3,$5 shipping,HEADPHONES
$14,"https://cdlnws.a.ssl.fastly.net/image/upload/c_limit,dpr_auto,f_auto,q_auto,w_auto/content/dtyvfdrdi4jk05xsmr6q",2017-12-31T13:03:34-05:00,2169041,"Amazon offers Prime members the <a target=""_blank"" data-iref=""fp-content-wide-body"" href=""https://www.dealnews.com/lw/click.html?20,2,2169041"">Playmobil City Zoo</a> for <strong>$14.39</strong> with <strong>free shipping</strong>. That's the lowest price we could find by $4. This 91-piece set includes several figures.<br>
<br>
Note: It's temporarily out of stock but still available to purchase for this price. (It's expected to be back in stock on January 4.)",,https://www.dealnews.com/Playmobil-City-Zoo-for-14-free-shipping-w-Prime/2169041.html,Playmobil City Zoo,,3,free shipping w/ Prime,TOYS & HOBBIES
$27,"https://cdlnws.a.ssl.fastly.net/image/upload/c_limit,dpr_auto,f_auto,q_auto,w_auto/content/virm11wapscj9xgstk4v",2017-12-31T13:56:57-05:00,2169035,"Amazon offers the <a target=""_blank"" data-iref=""fp-content-wide-body"" href=""https://www.dealnews.com/lw/click.html?20,2,2169035"">Go Pet Club 47"" Kitten Tree</a> for $29.99. Clip the 10% off coupon to cut that to <b>$26.99</b>. With <strong>free shipping</strong>, that's the lowest price we could find by $8. It measures 29"" x 23"" x 46.75""and is covered in faux fur.<br>
<br>
<i>Update</i>: Note that this item is temporarily out of stock, but can still be ordered at this price for delivery when available.",,https://www.dealnews.com/Go-Pet-Club-47-Kitten-Tree-for-27-free-shipping/2169035.html,"Go Pet Club 47"" Kitten Tree",,4,free shipping,PETS
$30,"https://cdlnws.a.ssl.fastly.net/image/upload/c_limit,dpr_auto,f_auto,q_auto,w_auto/content/j48y5kmqlarkzrvygmrm",2017-12-31T13:03:23-05:00,2169032,"Amazon offers Prime members the <a target=""_blank"" data-iref=""fp-content-wide-body"" href=""https://www.dealnews.com/lw/click.html?20,2,2169032"">Precious Moments Disney The Muppets <i>Music Is What Friendship Sounds Like</i> Porcelain Kermit Figurine</a> for <s>$28.06</s> with <strong>free shipping</strong>. That's the lowest price we could find by $22. It measures approximately 4.5"".<br>
<br>
<i>Update</i>: The price has increased to <strong>$29.75</strong>.",,https://www.dealnews.com/Precious-Moments-Kermit-Porcelain-Figurine-for-30-free-shipping-w-Prime/2169032.html,Precious Moments Kermit Porcelain Figurine,,2,free shipping w/ Prime,TOYS & HOBBIES
$4 w/ $25 purchase,"https://cdlnws.a.ssl.fastly.net/image/upload/c_limit,dpr_auto,f_auto,q_auto,w_auto/content/xq23edbgqftbgflby31l",2017-12-31T15:11:42-05:00,2169029,"With orders of $25 or more, Amazon offers the <a target=""_blank"" data-iref=""fp-content-wide-body"" href=""https://www.dealnews.com/lw/click.html?20,2,2169029"">Mega Construx Despicable Me Wild Waterski Bike Building Set</a> for <b>$4.20</b>. That's the lowest price we could find by $15. It features three buildable Minion figures with ""water splash"" details and interchangeable parts, including overalls, goggles, arms, and feet.<br>
<br>
Note: This item is part of Amazon's ""add-on"" program and can only be purchased with an order of $25 or more.",True,https://www.dealnews.com/Mega-Construx-Despicable-Me-Waterski-Set-for-4-w-25-purchase-pickup-at-Walmart/2169029.html,Mega Construx Despicable Me Waterski Set,,3,pickup at Walmart,TOYS & HOBBIES
$8,"https://cdlnws.a.ssl.fastly.net/image/upload/c_limit,dpr_auto,f_auto,q_auto,w_auto/content/wxklaz9gwxobj3wwm4sl",2017-12-31T15:14:31-05:00,2169026,"Amazon offers Prime members the <a target=""_blank"" data-iref=""fp-content-wide-body"" href=""https://www.dealnews.com/lw/click.html?20,2,2169026"">Fred &amp; Friends Taco Truck Taco Holder 2-Pack</a> for <strong>$7.72</strong> with <strong>free shipping</strong> for Prime members. That's the lowest total price we could find by $8. It includes one salsa red truck and one guacamole green truck.",,https://www.dealnews.com/Fred-Friends-Taco-Truck-Taco-Holder-2-Pack-for-8-free-shipping-w-Prime/2169026.html,Fred & Friends Taco Truck Taco Holder 2-Pack,,3,free shipping w/ Prime,KITCHEN
$8,"https://cdlnws.a.ssl.fastly.net/image/upload/c_limit,dpr_auto,f_auto,q_auto,w_auto/content/b91argsljazzobbxv9lg",2017-12-31T13:56:34-05:00,2169023,"L & P Leading Trend via Amazon offers Prime members the <a target=""_blank"" data-iref=""fp-content-wide-body"" href=""https://www.dealnews.com/lw/click.html?20,2,2169023"">Fred &amp; Friends Deep Tea Diver Silicone Tea Infuser</a> for <strong>$8.25</strong> with <strong>free shipping</strong> for Prime members. That's the lowest total price we could find by $8. It's dishwasher- and microwave-safe and features a stainless steel ""air tank"" serves as a counterweight for the infuser.",,https://www.dealnews.com/Fred-Friends-Deep-Tea-Diver-Tea-Infuser-for-8-free-shipping-w-Prime/2169023.html,Fred & Friends Deep Tea Diver Tea Infuser,,3,free shipping w/ Prime,KITCHEN
$35,"https://cdlnws.a.ssl.fastly.net/image/upload/c_limit,dpr_auto,f_auto,q_auto,w_auto/content/fstiudygo8w7cjvrslbh",2017-12-31T15:11:33-05:00,2169014,"Amazon offers the <a target=""_blank"" data-iref=""fp-content-wide-body"" href=""https://www.dealnews.com/lw/click.html?20,2,2169014"">APC UPS Connect 84VA Battery Back-Up System</a> for <del>$44.05</del>. Clip the $13 off coupon to cut that to <s>$31.05</s>. With <strong>free shipping</strong>, that's the lowest price we could find by $40, although it was a buck less three weeks ago. It features over two hours of network backup power, two surge-protected outlets, a removable battery pack for smartphone charging, and three USB ports.<br>
<br>
<i>Update</i>: The price has increased to $48.40 before coupon, <strong>$35.40</strong> after.",True,https://www.dealnews.com/APC-UPS-Connect-84-VA-Battery-Back-Up-System-for-35-free-shipping/2169014.html,APC UPS Connect 84VA Battery Back-Up System,,4,free shipping,BATTERY BACKUPS/UPSS
$22,"https://cdlnws.a.ssl.fastly.net/image/upload/c_limit,dpr_auto,f_auto,q_auto,w_auto/content/ar6itllqfetcsvfpv661",2017-12-31T13:56:21-05:00,2169011,"L.L.Bean offers its <a target=""_blank"" data-iref=""fp-content-wide-body"" href=""https://www.dealnews.com/lw/click.html?20,2,2169011"">L.L.Bean Boys' Puff-n-Stuff Jacket</a> in three colors (Bold Lilac pictured) for $29.99. Coupon code ""EXTRA25"" cuts that price to <strong>$22.49</strong>. With <strong>free shipping</strong>, that's $37 off and the lowest price we could find. It's available in sizes 10/12 and 14/16. Deal ends January 1.",,https://www.dealnews.com/L.L.Bean-Girls-Puff-n-Stuff-Jacket-for-22-free-shipping/2169011.html,L.L.Bean Girls' Puff-n-Stuff Jacket,,4,free shipping,KIDS' CLOTHES
"40,000 Bonus Miles","https://cdlnws.a.ssl.fastly.net/image/upload/c_limit,dpr_auto,f_auto,q_auto,w_auto/content/ik8cghwccxp8nmacfv0i",,2168600,"Sign up for the <a target=""_blank"" data-iref=""fp-content-wide-body"" href=""https://www.dealnews.com/lw/click.html?20,2,2168600"">Barclaycard Arrival Plus™ World MasterCard®</a> and earn <strong>40,000 Bonus Miles</strong> when you spend <a target=""_blank"" data-iref=""fp-content-wide-body"" href=""https://www.dealnews.com/lw/click.html?20,2,17089655,2168600"">$3,000 or more</a> on purchases in the first 90 days. (That equates to $400 off your next trip.) Plus, you <strong>earn 2 miles</strong> on all purchases and <strong>get 5% miles back</strong> every time you redeem for travel statement credits. Also, you'll get a <strong>0% introductory APR</strong> for 12 months on Balance Transfers made within 45 days of account opening. After that, a variable APR will apply, 16.99%, 20.99% or 23.99%, based on your creditworthiness. Please note, there is a fee for balance transfers. There's an $89 annual fee, <strong>waived for the first year</strong>, and <strong>no foreign transaction fees</strong>. For more terms and conditions, <a target=""_blank"" data-iref=""fp-content-wide-body"" href=""https://www.dealnews.com/lw/click.html?20,2,17089658,2168600"">click here</a>.<br>
<br>
This card — and several more — can be found on our <a target=""_blank"" data-iref=""fp-content-wide-body"" href=""http://dealnews.com/credit-cards/s39843/Barclay-Card/"">Barclaycard Credit Card page</a>.        <div class=""article-disclaimer"">
            <p class=""article-disclaimer-text"">
                <a href=""#"" class=""article-disclaimer-link info"" data-panel=""article_disclaimer-dialog"" data-dialog_text=""DealNews has financial relationships with the credit card issuers mentioned on our site, and DealNews receives compensation if consumers choose to apply for these by clicking links in our content and ultimately sign up for these specific cards. This compensation has no impact or influence on where or how the cards appears on dealnews.com. DealNews does not include all card companies or all card offers available in the marketplace.&lt;br&gt;&lt;br&gt;
&lt;bold&gt;UGC Disclosure&lt;/bold&gt;&lt;br&gt;
&lt;br&gt;
These responses are not provided or commissioned by the bank advertiser. Responses have not been reviewed, approved or otherwise endorsed by the bank advertiser. It is not the bank advertiser's responsibility to ensure all posts and/or questions are answered.
&lt;bold&gt;Bank Disclaimer&lt;/bold&gt;&lt;br&gt;
&lt;br&gt;
This content is not provided or commissioned by the Bank Advertiser. Opinions expressed here are author's alone, not those of the Bank Advertiser, and have not been reviewed, approved or otherwise endorsed by the Bank Advertiser. This site may be compensated through the Bank Advertiser Affiliate Program."" data-dialog_title=""Advertiser Disclosure"">Advertiser Disclosure</a>
            </p>
        </div>",,"https://www.dealnews.com/lw/click.html?20,2,2168600",Barclaycard Arrival Plus™ MasterCard®,2017-12-30T00:01:00-05:00,,,CREDIT CARDS
$10,"https://cdlnws.a.ssl.fastly.net/image/upload/c_limit,dpr_auto,f_auto,q_auto,w_auto/content/hva2w82uuxd8nyp1ryru",2017-12-31T15:06:22-05:00,2169005,"EFO-S via Amazon offers its <a target=""_blank"" data-iref=""fp-content-wide-body"" href=""https://www.dealnews.com/lw/click.html?20,2,2169005"">EFOSHM Insulated Stainless Steel 16-oz. Thermos with Removable Tea Strainer</a> in Black for $16.99. Clip the 40% off coupon to drop the price to <b>$10.19</b>. Plus, Prime members receive <b>free shipping</b>. That's $7 under our January mention and the lowest price we've seen. This double-wall, vacuum-insulated thermos is BPA-free.",,https://www.dealnews.com/Insulated-16-oz.-Thermos-w-Tea-Strainer-for-10-free-shipping-w-Prime/2169005.html,Insulated 16oz. Thermos w/ Tea Strainer,,5,free shipping w/ Prime,KITCHEN
$10,"https://cdlnws.a.ssl.fastly.net/image/upload/c_limit,dpr_auto,f_auto,q_auto,w_auto/content/wac3gwfjw4hlgqcmqll9",2017-12-31T09:52:31-05:00,2169002,"Newegg offers the <a target=""_blank"" data-iref=""fp-content-wide-body"" href=""https://www.dealnews.com/lw/click.html?20,2,2169002"">Mass Effect: Andromeda Deluxe for Xbox One</a> for $19.99. Coupon code ""EMCBCDR39"" cuts the price to <strong>$9.99</strong>. With <strong>$2.99</strong> for shipping, that's the lowest price we could find by $10, although it was a a buck less two weeks ago.",,https://www.dealnews.com/Mass-Effect-Andromeda-Deluxe-for-Xbox-One-for-10-3-s-h/2169002.html,Mass Effect: Andromeda Deluxe for Xbox One,,2,$3 shipping,GAMES
$68,"https://cdlnws.a.ssl.fastly.net/image/upload/c_limit,dpr_auto,f_auto,q_auto,w_auto/content/f9wn4tixywx22ycx9uyt",2017-12-31T13:55:58-05:00,2168999,"Staples offers its <a target=""_blank"" data-iref=""fp-content-wide-body"" href=""https://www.dealnews.com/lw/click.html?20,2,2168999"">Staples Bresser Luxura Managers Chair</a> in Tan for <strong>$67.86</strong> with <strong>free shipping</strong>. That's $81 off and the lowest price we could find. It's weight-rated to 225-lbs. and features pneumatic seat height adjustment, internal lumbar support, and adjustable tilt tension and lock.",,https://www.dealnews.com/Staples-Bresser-Luxura-Managers-Chair-for-68-free-shipping/2168999.html,Staples Bresser Luxura Managers Chair,,4,free shipping,OFFICE CHAIRS
$50,"https://cdlnws.a.ssl.fastly.net/image/upload/c_limit,dpr_auto,f_auto,q_auto,w_auto/content/h1wnhrcuqki32g6opoyd",2017-12-31T15:14:23-05:00,2168996,"Walmart offers the <a target=""_blank"" data-iref=""fp-content-wide-body"" href=""https://www.dealnews.com/lw/click.html?20,2,2168996"">Mainstays Adjustable-Height Swivel Barstool 3-Pack</a> for <strong>$50</strong> with <strong>free shipping</strong>. That's $49 off and the lowest price we could find. They are adjustable from 24"" to 29"".",,https://www.dealnews.com/Mainstays-Adjustable-Height-Barstool-3-pk-for-50-pickup-at-Walmart/2168996.html,Mainstays Adjustable-Height Barstool 3pk,,3,pickup at Walmart,HOME FURNITURE
from $40,"https://cdlnws.a.ssl.fastly.net/image/upload/c_limit,dpr_auto,f_auto,q_auto,w_auto/content/ckqmvbuikv7co3oxoxgb",2017-12-31T15:14:12-05:00,2168987,"Sam's Club offers its members the <a target=""_blank"" data-iref=""fp-content-wide-body"" href=""https://www.dealnews.com/lw/click.html?20,2,2168987"">SeatWell Ergonomic Task Chair</a> in several colors (White pictured) for <strong>$39.98</strong> with <strong>free shipping</strong>. (Non-members pay a $3.99 surcharge.) That's $10 off and the lowest price we could find. It has a weight capacity of up to 300 lbs.",,https://www.dealnews.com/Seat-Well-Ergonomic-Task-Chair-from-40-free-shipping/2168987.html,SeatWell Ergonomic Task Chair,,3,free shipping,OFFICE CHAIRS
$17,"https://cdlnws.a.ssl.fastly.net/image/upload/c_limit,dpr_auto,f_auto,q_auto,w_auto/content/y7pnemm3w9cxsj9ix63z",2017-12-31T15:05:03-05:00,2168894,"Etopmarket via eBay offers the <a target=""_blank"" data-iref=""fp-content-wide-body"" href=""https://www.dealnews.com/lw/click.html?20,2,2168894"">Pinhole Nanny WiFi DVR Cam</a> for <strong>$16.99</strong> with <strong>free shipping</strong>. That's tied with our mention from a week ago and the lowest price we could find now for such a camera by $5, excluding other eBay vendors. It features automatic video recording and a built-in rechargeable battery.",,https://www.dealnews.com/Pinhole-Nanny-Wi-Fi-DVR-Cam-for-17-free-shipping/2168894.html,Pinhole Nanny WiFi DVR Cam,,5,free shipping,DIGITAL CAMCORDERS
50% to 75% off,"https://cdlnws.a.ssl.fastly.net/image/upload/c_limit,dpr_auto,f_auto,q_auto,w_auto/content/slv470ulcvtvtxefmhns",2017-12-31T15:03:34-05:00,2168819,"Home Depot takes <strong>50% to 75% off</strong> a selection of <a target=""_blank"" data-iref=""fp-content-wide-body"" href=""https://www.dealnews.com/lw/click.html?20,2,17090153,2168819"">Christmas trees, lighting, and decor</a>. Choose ship-to-store <strong>pickup</strong> to dodge shipping fees, which start at $5.99, or bag free shipping on orders of $45 or more. (Certain items qualify for no-minimum free shipping.) A couple of best bets:
<ul>
 <li>
 <a target=""_blank"" data-iref=""fp-content-wide-body"" href=""https://www.dealnews.com/lw/click.html?20,2,2168819"">LightShow Holiday Projection RGB Ribbon Light 2-Pack</a> for <strong>$4.97</strong> ($15 off)
 </li>
 <li>
 <del><a target=""_blank"" data-iref=""fp-content-wide-body"" href=""https://www.dealnews.com/lw/click.html?20,2,17090150,2168819"">Martha Stewart Living 7.5-ft. Indoor Snowy Norwegian Spruce Artificial Christmas Tree w/ Clear Lights</a> for <s>$249.50</s> ($250 off)</del>
 </li>
</ul>",,https://www.dealnews.com/Christmas-Items-at-Home-Depot-50-to-75-off-free-shipping-w-45/2168819.html,Christmas Items at Home Depot,,5,free shipping w/ $45,SEASONAL/HOLIDAYS
$4,"https://cdlnws.a.ssl.fastly.net/image/upload/c_limit,dpr_auto,f_auto,q_auto,w_auto/content/xjcy35ohrpirxwa0fkqh",2017-12-31T15:03:15-05:00,2168804,"13 Deals offers the <a target=""_blank"" data-iref=""fp-content-wide-body"" href=""https://www.dealnews.com/lw/click.html?20,2,2168804"">Energizer Automatic Slim LED Nightlights 2-Pack</a> for $6.46. Coupon code ""ENERGIZER1218"" cuts the price to <s>$3.49</s>. With <strong>free shipping</strong>, that's tied with our mention from a week ago and the lowest price we could find by $10. They are sensor activated and measure 4.5"" x 2"" x 1.5"".<br>
<br>
<i>Update</i>: The price now drops to <strong>$3.94</strong> after coupon.",,https://www.dealnews.com/Energizer-Automatic-LED-Nightlights-2-Pack-for-4-free-shipping/2168804.html,Energizer Automatic LED Nightlights 2-Pack,,5,free shipping,GADGETS
,"https://cdlnws.a.ssl.fastly.net/image/upload/c_limit,dpr_auto,f_auto,q_auto,w_auto/content/sbfjna2kocp3yhmh57tz",,2168186,"Today you can get a refurbished, Amazon-warrantied Tap at an all-time low price, or sink into Bethesda's BioShock-beater Prey, also at its cheapest price yet. Check out these offers and more in our roundup of the top five <a data-iref=""fp-feature-content-wide-body"" href=""https://www.dealnews.com/features/morning-jolt/"">Editors' Choice deals</a> we found last night and this morning.",,https://www.dealnews.com/features/morning-jolt/,5 Deals You Need to Know Today: A Record-Low Price for an Amazon Tap,2017-12-29T09:50:34-05:00,,,MORNING JOLT
Earn a $150 bonus,"https://cdlnws.a.ssl.fastly.net/image/upload/c_limit,dpr_auto,f_auto,q_auto,w_auto/content/ydfbhq1eoc6ncmebhug2",,2168615,"Sign up for the <a target=""_blank"" data-iref=""fp-content-wide-body"" href=""https://www.dealnews.com/lw/click.html?20,2,2168615"">Chase Freedom Unlimited® Card</a> and <strong>earn a $150 Bonus</strong> after you spend $500 on purchases in your first three months from account opening. Plus, receive a <strong>0% Intro APR</strong> for 15 months on purchases and balance transfers. (After that, variable APR, currently 15.99% - 24.74%.) Other card features include earning <strong>unlimited 1.5% cash back</strong> on every purchase. It's automatic! Redeem for cash back - any amount, anytime and your Cash Back rewards do not expire as long as your account is open. Plus, there's <strong>no annual fee</strong>. For more terms and conditions, <a target=""_blank"" data-iref=""fp-content-wide-body"" href=""https://www.dealnews.com/lw/click.html?20,2,17089688,2168615"">click here</a>.<br>
<br>
This card — and several more — can be found on our <a target=""_blank"" data-iref=""fp-content-wide-body"" href=""http://dealnews.com/credit-cards/s1642/Chase/"">Chase Credit Card page</a>.        <div class=""article-disclaimer"">
            <p class=""article-disclaimer-text"">
                <a href=""#"" class=""article-disclaimer-link info"" data-panel=""article_disclaimer-dialog"" data-dialog_text=""DealNews has financial relationships with the credit card issuers mentioned on our site, and DealNews receives compensation if consumers choose to apply for these by clicking links in our content and ultimately sign up for these specific cards. This compensation has no impact or influence on where or how the cards appears on dealnews.com. DealNews does not include all card companies or all card offers available in the marketplace.&lt;br&gt;&lt;br&gt;
&lt;bold&gt;UGC Disclosure&lt;/bold&gt;&lt;br&gt;
&lt;br&gt;
These responses are not provided or commissioned by the bank advertiser. Responses have not been reviewed, approved or otherwise endorsed by the bank advertiser. It is not the bank advertiser's responsibility to ensure all posts and/or questions are answered.
&lt;bold&gt;Bank Disclaimer&lt;/bold&gt;&lt;br&gt;
&lt;br&gt;
This content is not provided or commissioned by the Bank Advertiser. Opinions expressed here are author's alone, not those of the Bank Advertiser, and have not been reviewed, approved or otherwise endorsed by the Bank Advertiser. This site may be compensated through the Bank Advertiser Affiliate Program."" data-dialog_title=""Advertiser Disclosure"">Advertiser Disclosure</a>
            </p>
        </div>",,"https://www.dealnews.com/lw/click.html?20,2,2168615",Chase Freedom Unlimited® Card,2017-12-31T00:01:00-05:00,,,CREDIT CARDS
,"https://cdlnws.a.ssl.fastly.net/image/upload/c_limit,dpr_auto,f_auto,q_auto,w_auto/content/wdwjwfbmtl2kr9c0ffjb",,2158745,"Nothing says ""Happy new year"" like the popping of a cork, but are there any sparkling wines that are good <i>and</i> a good price? <a data-iref=""fp-feature-content-wide-body"" href=""https://www.dealnews.com/features/VIDEO-Best-Bubbles-for-Your-Buck-Champagne-Taste-Test/938817.html"">Find out in our video taste test!</a>",,https://www.dealnews.com/features/VIDEO-Best-Bubbles-for-Your-Buck-Champagne-Taste-Test/938817.html,VIDEO: Our Champagne Taste Test Finds the Best Bubbles for Your Buck!,2017-12-29T07:00:01-05:00,,,BUYING GUIDES
,"https://cdlnws.a.ssl.fastly.net/image/upload/c_limit,dpr_auto,f_auto,q_auto,w_auto/content/qgcpw7qdjaobbvzyvjjz",,2163920,"Want to eat healthier and save more money in the new year? Contrary to popular belief, those two things aren't mutually exclusive. We rounded up a <a data-iref=""fp-feature-content-wide-body"" href=""https://www.dealnews.com/features/Ways-to-Eat-Healthy-on-a-Budget/"">few tips to help you get started on your 2018 resolutions</a>.",,https://www.dealnews.com/features/Ways-to-Eat-Healthy-on-a-Budget/,9 Ways to Eat Healthy on a Budget in 2018,2017-12-28T07:00:01-05:00,,,CONSUMER NEWS
,"https://cdlnws.a.ssl.fastly.net/image/upload/c_limit,dpr_auto,f_auto,q_auto,w_auto/content/jkbpd9vzxgwwk7eixh86",,2160185,"Most sites will tell you to quit smoking or stop buying Starbucks every day if you want to save money in the new year. Here are seven different New Year's resolutions for you to consider, all of which will <a data-iref=""fp-feature-content-wide-body"" href=""https://www.dealnews.com/features/New-Years-Resolutions-That-Will-Save-You-Money/"">save you money in 2018</a>.",,https://www.dealnews.com/features/New-Years-Resolutions-That-Will-Save-You-Money/,7 New Year's Resolutions That Will Save You Money,2017-12-27T07:00:01-05:00,,,CONSUMER NEWS
,"https://cdlnws.a.ssl.fastly.net/image/upload/c_limit,dpr_auto,f_auto,q_auto,w_auto/content/x2l8kjxjdu4wu24hqkyy",,2144621,"Black Friday makes November a prime time for deals, but December still has a lot to offer. We've scoured the DealNews archives from years gone by, to guide you in your quest for <a data-iref=""fp-feature-content-wide-body"" href=""https://www.dealnews.com/features/what-to-buy-in-december/"">the best purchases for December</a>.",,https://www.dealnews.com/features/what-to-buy-in-december/,The 11 Best Things to Buy Before (and Immediately After) Christmas,2017-12-01T07:00:01-05:00,,,WHAT TO BUY IN DECEMBER
$25 off your first order,"https://cdlnws.a.ssl.fastly.net/image/upload/c_limit,dpr_auto,f_auto,q_auto,w_auto/content/wnpfbsacht3beqcx5rij",,2168579,"For new members only, <a target=""_blank"" data-iref=""fp-content-wide-body"" href=""https://www.dealnews.com/lw/click.html?20,2,2168579"">Winc</a> offers <strong>$25 off</strong> the cost of your <a target=""_blank"" data-iref=""fp-content-wide-body"" href=""https://www.dealnews.com/lw/click.html?20,2,17089637,2168579"">first order</a>. Plus, <strong>free shipping</strong> applies. Winc is a monthly wine delivery service. Just answer a few questions about your taste in wine, and you'll receive four bottles per month. (You can choose any combination of red or white wine.) Finally, there are no membership fees, and you can skip a month, or cancel anytime. Select states are excluded.",,https://www.dealnews.com/Winc-Wine-Service-25-off-your-first-order-free-shipping/2168579.html,Winc Wine Service,2017-12-31T00:01:00-05:00,,free shipping,"BEER, WINE, LIQUOR"
